0 0.680375
1 -0.192827
2 0.603013
3 0.652099
4 0.896915
5 -0.51288
6 -0.219145
7 0.665254
8 -0.297277
9 0.273484
10 0.138699
11 0.459997
12 -0.0498371
13 0.265722
14 1.16169
15 1.10792
16 0.565239
17 0.746676
18 -0.386464
19 0.562499
20 -0.600628
21 -0.129265
22 -0.322408
23 1.02963
24 -0.247246
25 0.259382
26 -0.264855
27 -0.288774
28 1.50947
29 -0.0338737
30 0.573435
31 1.24372
32 0.808672
33 0.193318
34 0.894187
35 0.685451
36 0.6418
37 1.6179
38 0.275071
39 1.2504
40 0.778776
41 1.28268
42 0.560828
43 1.56091
44 0.361915
45 0.517593
46 1.44547
47 1.68537
48 0.0040808
49 1.78043
50 0.950916
51 0.0881393
52 0.317506
53 1.27653
54 1.74749
55 0.6817
56 0.129093
57 0.0575761
58 0.949657
59 0.17711
60 0.544085
61 2.02534
62 1.90497
63 1.81882
64 0.666675
65 1.22916
66 0.916291
67 1.70254
68 1.22322
69 1.54963
70 1.29337
71 0.324618
72 1.13716
73 2.14132
74 2.15496
75 1.75086
76 0.893088
77 1.81704
78 1.63533
79 1.07879
80 1.76166
81 0.733053
82 1.2964
83 2.19136
84 2.10454
85 1.12167
86 0.933701
87 2.2772
88 1.20578
89 1.89293
90 2.44696
91 1.72566
92 1.87726
93 2.29419
94 1.47005
95 2.45288
96 1.41574
97 2.26223
98 2.01488
99 2.48203
100 1.63863
101 1.11877
102 2.601
103 2.55403
104 1.02229
105 2.50218
106 2.03522
107 1.62987
108 2.01796
109 1.35359
110 2.37609
111 1.43151
112 1.72308
113 1.29354
114 1.2286
115 1.41812
116 1.99055
117 1.72257
118 1.24059
119 2.72669
120 1.13102
121 1.18832
122 1.93845
123 2.4798
124 2.93953
125 2.85111
126 2.36095
127 1.7693
128 2.51321
129 1.76164
130 1.62316
131 1.50979
132 2.22456
133 1.55461
134 1.38065
135 2.55015
136 1.34667
137 2.69242
138 1.44332
139 2.61479
140 1.28313
141 3.04358
142 1.25762
143 2.20476
144 1.52302
145 1.65957
146 2.78377
147 2.66209
148 2.51841
149 3.14847
150 2.50084
151 2.74954
152 1.42506
153 1.51581
154 2.29422
155 1.41794
156 1.40884
157 1.68577
158 2.20662
159 2.93033
160 2.44469
161 2.81617
162 1.41572
163 1.63417
164 3.32514
165 1.74029
166 3.11789
167 1.59515
168 3.34592
169 1.46443
170 3.10326
171 1.51258
172 1.38187
173 3.22519
174 2.57221
175 1.75043
176 1.72108
177 2.18321
178 3.23077
179 3.04887
180 2.13232
181 2.52362
182 2.5819
183 2.33247
184 2.80624
185 1.63477
186 2.50101
187 2.95777
188 2.05543
189 3.43483
190 2.60772
191 3.2123
192 2.95585
193 2.7211
194 1.53704
195 2.9646
196 3.13814
197 3.32497
198 3.22318
199 3.14102
200 3.44
201 2.97081
202 3.29186
203 3.45413
204 2.82239
205 2.48472
206 1.81959
207 3.153
208 3.27208
209 1.64926
210 2.79564
211 1.99316
212 2.75675
213 1.95667
214 2.90011
215 2.13297
216 2.15703
217 1.96245
218 1.64791
219 2.76562
220 1.94655
221 2.80114
222 2.51978
223 3.44074
224 2.05718
225 2.58848
226 2.93386
227 1.72082
228 2.43605
229 2.67687
230 3.37901
231 2.39068
232 2.15991
233 3.18081
234 2.3526
235 1.48805
236 2.16937
237 2.67423
238 3.14143
239 1.94029
240 2.8209
241 2.43319
242 2.42838
243 2.07154
244 2.8828
245 1.82063
246 2.69595
247 1.53071
248 2.27351
249 2.83397
250 2.78622
251 2.70987
252 2.12496
253 1.796
254 2.64089
255 2.67282
256 2.87567
257 2.06657
258 2.88621
259 1.80516
260 3.23786
261 2.76074
262 2.69259
263 1.89585
264 2.4411
265 1.5463
266 1.8867
267 3.11507
268 2.72705
269 1.53669
270 1.56606
271 2.06092
272 2.48522
273 2.51228
274 2.65289
275 1.89117
276 2.85888
277 1.87775
278 1.95383
279 1.66751
280 3.25011
281 1.28182
282 2.92264
283 1.92392
284 1.63039
285 2.11991
286 3.15703
287 3.07038
288 2.75494
289 2.61593
290 1.45258
291 2.57429
292 1.96272
293 2.73586
294 3.0656
295 3.00414
296 2.88745
297 1.56266
298 2.73474
299 2.2353
300 1.72551
301 2.93243
302 2.93342
303 2.85358
304 2.09333
305 2.24078
306 1.40517
307 1.61868
308 2.79115
309 2.03785
310 1.97138
311 2.73286
312 2.0178
313 1.59874
314 1.36821
315 2.36639
316 2.44374
317 1.2573
318 2.17588
319 1.94492
320 2.62671
321 2.38924
322 1.2874
323 1.3651
324 1.90834
325 1.14388
326 1.16786
327 1.60223
328 1.52087
329 2.7249
330 2.66789
331 2.08486
332 2.50403
333 2.45629
334 1.80179
335 1.46915
336 1.57737
337 2.09585
338 1.98538
339 1.27481
340 1.04879
341 0.880718
342 0.94058
343 2.00851
344 1.43047
345 1.26895
346 1.34428
347 0.852872
348 1.51426
349 2.51758
350 1.8047
351 1.1574
352 1.93287
353 2.12779
354 1.56792
355 0.896414
356 2.33672
357 1.81072
358 1.58354
359 0.952489
360 1.64059
361 1.36651
362 2.16261
363 1.28011
364 0.968563
365 1.12049
366 1.91572
367 1.72283
368 2.40371
369 1.09899
370 2.20609
371 0.671569
372 1.20943
373 0.387098
374 1.93126
375 1.90186
376 0.928835
377 0.559193
378 2.0493
379 1.7486
380 0.393267
381 1.1815
382 2.24457
383 1.67579
384 0.670069
385 1.18442
386 1.95532
387 0.401129
388 0.400736
389 0.955737
390 0.7818
391 1.48085
392 1.77313
393 0.406683
394 0.234639
395 0.226817
396 1.02376
397 1.65843
398 1.46922
399 0.958564
400 0.300057
401 1.22951
402 1.19592
403 1.08687
404 1.2056
405 0.727801
406 0.601006
407 1.75837
408 0.922589
409 0.297578
410 1.16593
411 0.986522
412 1.16145
413 1.10459
414 0.368128
415 1.54907
416 0.0182977
417 0.0644782
418 1.70297
419 0.183549
420 0.796479
421 0.272783
422 1.46416
423 0.381121
424 0.502724
425 1.5338
426 0.45468
427 1.38496
428 1.06244
429 -0.194169
430 0.237179
431 1.26786
432 0.952405
433 1.36186
434 0.295169
435 0.11012
436 0.0534252
437 0.87159
438 -0.144467
439 0.974679
440 1.17944
441 1.04332
442 -0.00537485
443 0.385865
444 0.204418
445 0.430775
446 0.0144512
447 0.313703
448 0.597691
449 -0.168714
450 0.622522
451 -0.46918
452 0.252075
453 0.246013
454 0.0825778
455 0.936711
456 -0.0270298
457 0.741635
458 0.537239
459 1.26213
460 0.785316
461 1.02336
462 0.789994
463 0.00875763
464 0.66725
465 -0.621847
466 0.422792
467 1.03548
468 0.575395
469 0.614789
470 0.357395
471 0.112804
472 0.0267756
473 0.731343
474 0.888604
475 0.6317
476 -0.426848
477 -0.675425
478 -0.622638
479 0.613199
480 -0.391432
481 0.462895
482 0.617288
483 0.344121
484 -0.797451
485 -0.796379
486 -0.205348
487 -0.300646
488 0.479055
489 0.875603
490 -0.484944
491 -0.172247
492 0.472104
493 0.887891
494 0.429
495 -0.258563
496 0.877665
497 -0.527105
498 -0.592556
499 0.0929588
500 0.736895
501 0.423303
502 0.873423
503 -0.559534
504 -0.159481
505 0.456916
506 0.77601
507 0.12641
508 0.503062
509 0.883715
510 -0.52134
511 0.859325
512 0.102886
513 0.860742
514 -0.0233072
515 0.0870689
516 0.854319
517 0.569558
518 0.592825
519 0.1479
520 0.267743
521 0.938452
522 0.814145
523 -0.41381
524 0.68047
525 0.104985
526 0.197113
527 0.435194
528 0.462445
529 0.496555
530 -0.572486
531 0.105992
532 -0.16627
533 -0.778043
534 0.474553
535 0.609347
536 0.620901
537 0.199447
538 -0.308577
539 0.0863382
540 0.0521723
541 0.145654
542 -0.0722808
543 -0.856476
544 0.00119708
545 -1.09453
546 0.237839
547 -0.13113
548 0.494417
549 -0.143995
550 -0.95201
551 -0.200819
552 -0.162795
553 -1.08947
554 0.439337
555 -0.422868
556 0.0803888
557 -0.29334
558 -0.912204
559 -0.376516
560 -0.711032
561 -0.393912
562 -1.1748
563 0.223287
564 -0.0665776
565 0.409838
566 -0.0526499
567 -0.32641
568 -0.266976
569 0.766904
570 -1.10763
571 -1.07813
572 0.0533879
573 -0.0350051
574 -0.785704
575 -0.7926
576 0.0271185
577 0.612541
578 0.240352
579 -0.310786
580 -0.360258
581 0.462976
582 0.666386
583 0.658216
584 0.557973
585 0.293308
586 -0.574027
587 -0.168053
588 -0.803567
589 -0.286964
590 0.657419
591 -0.309968
592 0.526319
593 0.692297
594 -0.874595
595 -0.325847
596 0.318795
597 0.291585
598 0.568664
599 -0.725247
600 0.283358
601 0.687761
602 -0.574869
603 -0.433048
604 -0.115414
605 -0.127196
606 0.00919731
607 -0.852057
608 -0.277101
609 -0.511658
610 0.077112
611 0.603683
612 -0.80663
613 -0.0135153
614 0.505744
615 -1.00403
616 -0.474868
617 -0.822309
618 0.0744533
619 -0.0314148
620 0.138159
621 -0.0203584
622 -1.09335
623 -0.0872968
624 -0.0797171
625 -0.719553
626 -1.16478
627 -0.512655
628 -1.17987
629 0.651743
630 0.00964472
631 0.350651
632 0.586217
633 0.680965
634 -0.836799
635 -0.284259
636 -0.202023
637 0.415809
638 0.106228
639 0.762487
640 -0.855238
641 -0.577117
642 0.604579
643 -0.424659
644 0.645311
645 0.344935
646 -0.19547
647 -0.597801
648 0.752858
649 -0.892373
650 0.597777
651 0.116296
652 0.310772
653 0.726094
654 -0.751233
655 -0.551137
656 -0.777671
657 -0.702303
658 0.147778
659 -0.74817
660 -0.843445
661 -0.637777
662 0.80491
663 -1.05723
664 -0.759296
665 -0.836915
666 -0.14911
667 0.228407
668 0.765915
669 -0.858621
670 0.172343
671 -0.91074
672 -0.260073
673 -0.0503836
674 -0.165725
675 -0.44816
676 -0.541967
677 0.799116
678 0.111131
679 -0.635286
680 -0.94275
681 -0.143948
682 0.624745
683 0.508301
684 -0.281077
685 1.00674
686 -0.913195
687 0.0672593
688 -0.573231
689 0.353192
690 0.433937
691 -0.305632
692 0.822615
693 0.342163
694 -0.263468
695 -0.841251
696 0.596677
697 0.674813
698 0.470471
699 0.441796
700 0.891247
701 -0.286314
702 0.597711
703 -0.306422
704 0.721422
705 -0.514213
706 0.29487
707 -0.775473
708 -0.674437
709 -0.557781
710 -0.379012
711 -0.58994
712 0.320991
713 -0.736103
714 0.931943
715 1.04889
716 -0.725021
717 1.01843
718 0.111144
719 -0.307962
720 0.357179
721 -0.474112
722 0.362441
723 0.151034
724 0.834476
725 1.06056
726 0.26652
727 0.383018
728 0.682352
729 -0.320939
730 -0.238039
731 0.505807
732 0.320002
733 -0.718042
734 1.11669
735 -0.046265
736 -0.32495
737 0.313848
738 0.0755187
739 -0.107169
740 0.643236
741 0.578617
742 0.179935
743 -0.163805
744 0.709402
745 -0.026322
746 -0.25821
747 0.835991
748 -0.161388
749 0.694334
750 -0.63568
751 1.02697
752 1.04629
753 0.547712
754 -0.00615815
755 0.691486
756 0.413884
757 1.06086
758 -0.130109
759 -0.113485
760 -0.474904
761 0.411929
762 1.16731
763 0.614991
764 0.458699
765 1.04373
766 1.32339
767 0.883354
768 0.102132
769 0.138422
770 -0.489337
771 -0.525176
772 -0.558516
773 0.410043
774 0.025478
775 0.860372
776 1.08825
777 0.466847
778 0.391011
779 -0.383409
780 -0.153985
781 0.435282
782 1.31865
783 -0.437458
784 -0.351596
785 -0.0269092
786 0.909839
787 0.713329
788 -0.319758
789 1.4213
790 1.23671
791 -0.162483
792 0.460745
793 1.02689
794 1.07078
795 -0.46687
796 0.679752
797 0.998765
798 1.01657
799 1.37749
800 -0.271662
801 1.11396
802 1.43464
803 -0.252216
804 0.0976249
805 0.0294368
806 1.1732
807 -0.25333
808 1.05287
809 0.116616
810 -0.0884784
811 1.44303
812 1.09197
813 -0.233808
814 1.53759
815 1.26841
816 0.263382
817 0.967623
818 0.498068
819 0.456129
820 0.897633
821 0.239735
822 0.794894
823 -0.144047
824 -0.23943
825 0.356022
826 -0.124124
827 0.923603
828 -0.165403
829 1.36882
830 0.774083
831 0.0325828
832 0.949127
833 0.671812
834 0.240241
835 1.50346
836 1.15483
837 -0.136061
838 -0.302409
839 0.652174
840 0.422088
841 0.0477493
842 0.530993
843 -0.0529626
844 0.244172
845 0.496103
846 -0.359691
847 0.929809
848 -0.116579
849 0.55556
850 -0.199341
851 1.19336
852 1.20524
853 1.00319
854 1.45469
855 1.36898
856 -0.239784
857 -0.270536
858 0.689423
859 -0.0103449
860 1.49118
861 -0.145501
862 0.411387
863 0.827665
864 0.911931
865 1.03556
866 0.713426
867 0.447487
868 1.27871
869 0.788755
870 1.47599
871 0.0757629
872 1.21017
873 0.379396
874 0.394024
875 -0.175572
876 1.24451
877 0.402315
878 1.12125
879 1.49403
880 1.32312
881 1.28635
882 1.05109
883 0.891376
884 0.651928
885 0.867594
886 0.62165
887 0.772986
888 0.9575
889 -0.328829
890 1.12245
891 0.808265
892 -0.114914
893 -0.106856
894 -0.00482307
895 1.15627
896 1.28802
897 1.06803
898 -0.0366392
899 0.926569
900 0.216924
901 -0.200167
902 1.36323
903 -0.211546
904 0.541115
905 0.11972
906 -0.0240075
907 0.14943
908 0.886602
909 1.46262
910 0.0097105
911 0.576906
912 1.11715
913 1.43002
914 -0.161396
915 0.140563
916 0.670318
917 0.834235
918 1.28886
919 0.00452291
920 0.883559
921 0.790977
922 1.19401
923 1.15149
924 1.06864
925 -0.424566
926 0.69579
927 0.746538
928 1.03525
929 1.05289
930 0.0688635
931 -0.349998
932 1.25268
933 -0.16578
934 -0.157178
935 0.200447
936 0.362942
937 0.230216
938 0.763732
939 -0.334091
940 0.111767
941 1.19499
942 0.667028
943 -0.344146
944 1.05472
945 0.938175
946 0.231843
947 0.163398
948 0.213756
949 -0.0349096
950 0.615395
951 -0.452069
952 1.20987
953 0.266455
954 1.15976
955 0.7422
956 0.308971
957 0.326076
958 -0.0372432
959 -0.178216
960 -0.13988
961 0.516409
962 -0.0397393
963 -0.394995
964 0.846621
965 0.302902
966 0.309147
967 -0.28282
968 1.0447
969 -0.411523
970 -0.097255
971 -0.319772
972 -0.688629
973 1.10187
974 -0.127583
975 0.906704
976 0.584982
977 0.653559
978 -0.376192
979 -0.643108
980 1.18129
981 0.806377
982 -0.523432
983 0.967524
984 -0.346161
985 1.22203
986 0.30015
987 0.558003
988 0.148101
989 0.867748
990 0.989508
991 0.622857
992 0.00374619
993 -0.425655
994 0.857462
995 -0.514975
996 0.516997
997 -0.188515
998 -0.147759
999 0.216927
1000 0.0604146
1001 0.420694
1002 0.568151
1003 0.0480998
1004 0.204229
1005 -0.87239
1006 -0.352745
1007 -0.512901
1008 0.484522
1009 -0.020091
1010 -0.441641
1011 0.385729
1012 -0.488225
1013 -0.233985
1014 0.0899664
1015 -0.0920237
1016 -0.263922
1017 -0.856149
1018 -0.774565
1019 0.649377
1020 0.782563
1021 0.991693
1022 0.0547926
1023 -0.425304
1024 -0.639727
1025 -0.287642
1026 -0.13429
1027 0.689164
1028 0.341659
1029 0.541706
1030 -0.264197
1031 -0.762242
1032 -0.195929
1033 -0.848373
1034 0.139548
1035 0.868021
1036 -0.854998
1037 0.658624
1038 -0.76699
1039 0.513493
1040 -0.471407
1041 -0.31247
1042 -0.198505
1043 -0.0512397
1044 0.368067
1045 0.812119
1046 0.783539
1047 -0.962902
1048 -1.10492
1049 -1.04575
1050 0.637918
1051 0.63526
1052 -1.09027
1053 -0.337316
1054 -0.813889
1055 -0.747653
1056 0.36357
1057 0.0465376
1058 -1.05758
1059 -0.287678
1060 -0.398475
1061 -0.302314
1062 -0.0242675
1063 0.437431
1064 -0.112672
1065 -0.84053
1066 0.355814
1067 0.0888584
1068 -1.11922
1069 0.657669
1070 -0.322654
1071 -0.509486
1072 -0.56753
1073 0.572238
1074 0.538788
1075 -1.09384
1076 0.496078
1077 0.440136
1078 -0.932858
1079 0.521108
1080 0.530385
1081 -1.1529
1082 0.304436
1083 0.594198
1084 -0.330137
1085 -1.34339
1086 -0.981427
1087 -0.788588
1088 -0.112941
1089 -0.849181
1090 0.119463
1091 -1.30981
1092 0.055977
1093 -0.69149
1094 0.34676
1095 -0.831758
1096 -0.301303
1097 -0.0609508
1098 0.499313
1099 -0.172593
1100 -0.149666
1101 -0.564059
1102 -1.41715
1103 0.553346
1104 -0.715687
1105 0.403333
1106 -1.25326
1107 -0.926859
1108 0.141704
1109 -0.882424
1110 -1.09663
1111 -0.0133914
1112 -0.715433
1113 -1.46697
1114 -0.0886557
1115 0.290246
1116 -1.4693
1117 0.276194
1118 -1.14688
1119 -0.225631
1120 -1.21126
1121 0.339383
1122 -0.163587
1123 0.221576
1124 -0.970267
1125 -0.430046
1126 -1.2185
1127 0.124985
1128 -1.08961
1129 -1.313
1130 -0.636674
1131 0.176373
1132 -0.456735
1133 -0.628861
1134 0.159284
1135 0.261702
1136 -0.786887
1137 0.349145
1138 -1.2176
1139 -1.19324
1140 -1.07698
1141 -0.853628
1142 0.258245
1143 -0.32332
1144 -0.847323
1145 -0.353006
1146 -0.551579
1147 -0.831082
1148 -0.587274
1149 -0.204973
1150 -1.55931
1151 -0.29728
1152 -0.360517
1153 -0.214062
1154 -0.563145
1155 0.185447
1156 -1.12425
1157 -0.258211
1158 -0.162613
1159 -0.683433
1160 -0.0373557
1161 -1.26205
1162 -0.966494
1163 -0.950246
1164 -0.343839
1165 -1.25696
1166 -1.13517
1167 -1.57428
1168 -1.34835
1169 -0.790338
1170 -1.20216
1171 -0.857107
1172 -0.0729317
1173 -1.37012
1174 -1.60393
1175 -1.3411
1176 -0.141373
1177 -0.571207
1178 -0.585393
1179 -1.13942
1180 -1.18457
1181 -0.550771
1182 0.159512
1183 0.0533418
1184 -1.16424
1185 -0.800935
1186 -0.156461
1187 -0.68175
1188 -1.45046
1189 -0.708505
1190 0.247213
1191 0.126351
1192 -0.354672
1193 -1.10174
1194 -1.20475
1195 -1.07783
1196 -0.73653
1197 -0.716324
1198 -1.02713
1199 -0.458588
1200 0.120887
1201 -0.600539
1202 0.314197
1203 -0.321067
1204 -0.338654
1205 0.343246
1206 -0.028282
1207 -0.845285
1208 -0.592424
1209 -0.9774
1210 -0.347749
1211 -0.139416
1212 0.109972
1213 -0.549589
1214 -0.446978
1215 -1.41478
1216 0.289295
1217 -0.963347
1218 -0.456225
1219 -1.5207
1220 -0.0312853
1221 -0.568403
1222 0.246244
1223 -0.745437
1224 -0.0297558
1225 -1.31831
1226 -0.18331
1227 -1.12664
1228 -0.395349
1229 -1.57157
1230 0.053164
1231 -0.636605
1232 -0.534845
1233 0.00397883
1234 -1.32176
1235 -1.23835
1236 -0.0184422
1237 0.283418
1238 -0.451105
1239 -0.979326
1240 -1.06349
1241 -1.16946
1242 -1.4905
1243 -1.32648
1244 -0.0932804
1245 -0.313034
1246 -1.1182
1247 -0.18235
1248 0.343769
1249 0.0441872
1250 -0.0860339
1251 -0.0721493
1252 -0.910552
1253 -0.227882
1254 -1.20749
1255 -1.33207
1256 0.0601282
1257 0.213554
1258 -0.856377
1259 -0.734961
1260 0.240117
1261 -1.20725
1262 0.222167
1263 -0.703273
1264 0.385851
1265 0.487154
1266 -0.357304
1267 -0.0507537
1268 0.349881
1269 -1.23168
1270 -1.45598
1271 -1.14217
1272 -0.832427
1273 -1.38054
1274 -0.90554
1275 -1.36546
1276 -0.136236
1277 -0.469359
1278 0.00356733
1279 -0.244144
1280 -0.879945
1281 -0.540381
1282 -0.777393
1283 -0.254826
1284 -1.23586
1285 -0.4558
1286 -0.0611769
1287 0.346581
1288 -0.723372
1289 0.597833
1290 -0.876519
1291 -0.974963
1292 -1.10474
1293 -1.15332
1294 -0.180891
1295 -1.22527
1296 -1.17631
1297 -1.05215
1298 0.206184
1299 0.651897
1300 -0.809412
1301 0.220669
1302 -1.02381
1303 -0.17939
1304 0.298519
1305 -0.475048
1306 -0.0946756
1307 -0.391705
1308 0.497413
1309 -0.653513
1310 -1.20251
1311 -0.953481
1312 0.230839
1313 -0.559518
1314 0.207698
1315 0.406572
1316 0.391843
1317 -0.450781
1318 0.151358
1319 -0.937843
1320 -0.463808
1321 0.659409
1322 -0.532834
1323 -0.193194
1324 -1.1232
1325 0.652312
1326 -0.0571183
1327 -0.942886
1328 -1.04794
1329 -0.503799
1330 -0.948633
1331 -0.519796
1332 -0.950391
1333 -0.644538
1334 0.62386
1335 0.6663
1336 0.193695
1337 -0.162442
1338 -0.421954
1339 -0.0103797
1340 0.477604
1341 -0.335872
1342 0.31975
1343 -0.01294
1344 0.378221
1345 -0.203959
1346 -0.342804
1347 0.0285882
1348 0.598735
1349 -0.943028
1350 0.334096
1351 -0.626795
1352 -1.05042
1353 -0.97063
1354 0.403024
1355 -0.955714
1356 0.894491
1357 -0.446392
1358 -0.696009
1359 -0.955973
1360 0.242169
1361 -0.457398
1362 -0.293644
1363 0.468785
1364 0.0699533
1365 -0.503011
1366 0.296743
1367 -0.579805
1368 0.485984
1369 -0.978877
1370 0.551048
1371 0.0997258
1372 -0.183701
1373 -0.00323748
1374 -0.792325
1375 -0.689659
1376 0.903566
1377 -0.0294164
1378 0.439602
1379 0.597943
1380 0.11818
1381 -0.140685
1382 1.05177
1383 0.143398
1384 -0.0406403
1385 0.520518
1386 0.24847
1387 -0.0902855
1388 -0.874916
1389 0.598531
1390 -0.00505838
1391 0.403602
1392 -0.827351
1393 0.728002
1394 -0.105702
1395 0.259743
1396 -0.762618
1397 -0.801293
1398 0.6829
1399 0.721648
1400 -0.786545
1401 0.222943
1402 -0.194235
1403 0.0095671
1404 -0.805032
1405 -0.0158211
1406 0.286152
1407 1.06031
1408 0.912104
1409 -0.321311
1410 0.606815
1411 -0.0254998
1412 0.477909
1413 0.594213
1414 1.04928
1415 -0.635561
1416 0.037725
1417 0.216603
1418 0.188902
1419 0.073489
1420 -0.278216
1421 1.0865
1422 -0.624208
1423 -0.21078
1424 0.705412
1425 0.157165
1426 0.932243
1427 0.822321
1428 0.231688
1429 0.487291
1430 0.412491
1431 0.310085
1432 -0.428361
1433 1.07617
1434 1.17412
1435 -0.382324
1436 -0.0919355
1437 0.304682
1438 -0.48086
1439 -0.341887
1440 0.818156
1441 0.95763
1442 0.461227
1443 0.12167
1444 0.374491
1445 0.33025
1446 0.302998
1447 1.2263
1448 -0.641806
1449 -0.699452
1450 0.105802
1451 -0.116596
1452 1.18795
1453 0.28002
1454 0.468634
1455 0.68701
1456 1.22854
1457 0.189987
1458 0.296256
1459 0.245026
1460 -0.539987
1461 -0.510523
1462 -0.666104
1463 -0.191447
1464 -0.659274
1465 -0.718666
1466 0.197849
1467 0.018775
1468 0.354429
1469 0.483893
1470 0.442347
1471 -0.0633362
1472 0.204288
1473 -0.33491
1474 0.818665
1475 -0.662007
1476 0.753502
1477 -0.121158
1478 -0.679441
1479 0.86711
1480 -0.0659769
1481 0.180282
1482 -0.496208
1483 -0.125327
1484 1.2125
1485 0.724192
1486 -0.686915
1487 1.19215
1488 -0.334935
1489 0.360077
1490 0.18783
1491 -0.124273
1492 0.600268
1493 0.272577
1494 0.435342
1495 0.69234
1496 0.305614
1497 -0.614675
1498 -0.536246
1499 -0.586739
1500 0.62309
1501 0.660702
1502 0.10533
1503 -0.416338
1504 1.08303
1505 -0.317735
1506 -0.318969
1507 0.597091
1508 0.322925
1509 -0.235257
1510 0.228768
1511 1.023
1512 0.712649
1513 0.501828
1514 -0.331333
1515 0.697941
1516 0.000687306
1517 -0.241624
1518 0.668747
1519 0.446522
1520 0.901413
1521 -0.358192
1522 -0.890172
1523 0.291687
1524 0.706897
1525 0.340267
1526 -0.218212
1527 -0.186984
1528 0.528919
1529 0.0517717
1530 0.0354894
1531 -0.0357179
1532 -0.472113
1533 0.959453
1534 0.369878
1535 -0.563769
1536 -0.52951
1537 0.88322
1538 0.869252
1539 0.633044
1540 -0.50863
1541 -0.0547159
1542 0.50725
1543 -0.940762
1544 -0.693573
1545 -0.960591
1546 0.624927
1547 0.179197
1548 -0.325718
1549 0.174666
1550 -0.488716
1551 -0.534088
1552 0.711421
1553 -0.47913
1554 0.662246
1555 0.327934
1556 0.775799
1557 -0.636179
1558 -0.93406
1559 0.23499
1560 0.351224
1561 0.0424985
1562 -0.854144
1563 -1.16871
1564 -0.0402013
1565 0.479328
1566 -0.763063
1567 0.405609
1568 0.343846
1569 -0.906459
1570 0.0321354
1571 -1.16509
1572 0.044796
1573 -0.448287
1574 -1.0871
1575 0.376492
1576 -0.377027
1577 0.576339
1578 -0.399072
1579 0.349298
1580 -0.190074
1581 0.178085
1582 -1.11189
1583 -0.398659
1584 -1.21388
1585 -1.35524
1586 -0.969007
1587 -1.32898
1588 -0.874865
1589 -0.778984
1590 0.0376885
1591 -1.3843
1592 0.410595
1593 0.338429
1594 -1.39025
1595 -0.458906
1596 -0.00353302
1597 -0.966527
1598 -0.858366
1599 -0.456546
1600 -0.661567
1601 0.39353
1602 -0.393472
1603 -1.38013
1604 -0.809577
1605 -0.226786
1606 0.258808
1607 0.0845696
1608 -0.370483
1609 -0.851447
1610 -0.268402
1611 -1.25385
1612 -1.35762
1613 -0.0554571
1614 -0.318516
1615 -1.22829
1616 -0.0582193
1617 0.0742888
1618 -1.18607
1619 -1.55244
1620 -1.31455
1621 -1.74868
1622 -1.52742
1623 -1.48497
1624 0.0184489
1625 -1.47919
1626 -0.495575
1627 -0.526902
1628 -0.977608
1629 0.124153
1630 -1.49532
1631 -0.140968
1632 0.0260222
1633 -0.370275
1634 0.00764841
1635 -1.24454
1636 -1.04772
1637 -0.173835
1638 -1.58985
1639 -1.83763
1640 -1.4342
1641 -0.256625
1642 -1.47927
1643 -1.16899
1644 -0.678577
1645 -0.153568
1646 -0.742316
1647 -1.07104
1648 -0.402697
1649 -0.240943
1650 -0.925132
1651 -2.00796
1652 -0.269365
1653 -0.721284
1654 -1.75062
1655 -0.497529
1656 -0.435983
1657 -0.470559
1658 -1.23762
1659 -1.61558
1660 -0.537167
1661 -0.912448
1662 -1.92476
1663 -0.668045
1664 -1.42828
1665 -2.05131
1666 -2.03538
1667 -0.587384
1668 -0.325087
1669 -1.71371
1670 -0.50201
1671 -1.82479
1672 -2.02431
1673 -2.02371
1674 -1.02464
1675 -0.722169
1676 -2.18497
1677 -1.76304
1678 -1.77766
1679 -0.560474
1680 -1.96514
1681 -0.652283
1682 -0.506242
1683 -2.16062
1684 -1.28798
1685 -2.15957
1686 -0.549139
1687 -1.60323
1688 -2.49766
1689 -1.64256
1690 -1.06286
1691 -0.86713
1692 -2.37556
1693 -0.796427
1694 -1.33222
1695 -1.58913
1696 -0.621269
1697 -1.12938
1698 -1.92654
1699 -0.684636
1700 -2.56962
1701 -2.14334
1702 -2.21248
1703 -2.28526
1704 -1.84666
1705 -0.905021
1706 -2.66362
1707 -1.67612
1708 -2.30087
1709 -2.06242
1710 -1.84608
1711 -1.86385
1712 -2.30091
1713 -1.92691
1714 -1.58745
1715 -1.1403
1716 -1.62632
1717 -1.66489
1718 -2.2603
1719 -1.62924
1720 -2.80123
1721 -2.80548
1722 -1.96725
1723 -2.63625
1724 -1.04999
1725 -2.73619
1726 -1.65076
1727 -1.08533
1728 -1.26836
1729 -0.968839
1730 -1.15029
1731 -1.20712
1732 -2.47017
1733 -2.70964
1734 -2.82815
1735 -1.64155
1736 -2.92836
1737 -2.79449
1738 -2.60945
1739 -2.51012
1740 -2.12693
1741 -1.71472
1742 -1.62238
1743 -1.66551
1744 -2.8686
1745 -2.42616
1746 -2.01153
1747 -1.69007
1748 -1.27568
1749 -1.44599
1750 -2.48306
1751 -1.23029
1752 -1.39453
1753 -1.5831
1754 -2.98911
1755 -1.55692
1756 -1.42158
1757 -1.7321
1758 -1.72448
1759 -1.76223
1760 -1.76334
1761 -1.92734
1762 -2.01214
1763 -1.26659
1764 -1.66041
1765 -1.85413
1766 -1.91244
1767 -1.58361
1768 -1.63407
1769 -1.49799
1770 -3.06056
1771 -2.71862
1772 -2.16119
1773 -1.62234
1774 -3.31453
1775 -1.95127
1776 -2.96111
1777 -2.22987
1778 -2.53643
1779 -3.12323
1780 -2.55373
1781 -1.88886
1782 -3.21446
1783 -2.80085
1784 -2.31628
1785 -3.03968
1786 -3.18577
1787 -2.55782
1788 -1.58378
1789 -1.71437
1790 -3.11636
1791 -2.13571
1792 -2.42268
1793 -1.90192
1794 -2.16824
1795 -2.84165
1796 -2.50732
1797 -2.82474
1798 -3.16219
1799 -2.87127
1800 -3.04567
1801 -2.93883
1802 -2.2992
1803 -1.90949
1804 -3.25721
1805 -2.30327
1806 -2.54389
1807 -2.89514
1808 -3.20375
1809 -1.7448
1810 -2.67682
1811 -2.41
1812 -2.28034
1813 -2.53221
1814 -1.84614
1815 -3.22636
1816 -2.19619
1817 -1.65086
1818 -2.39788
1819 -2.38852
1820 -1.96874
1821 -2.1128
1822 -3.11795
1823 -2.98039
1824 -2.59906
1825 -1.866
1826 -2.39742
1827 -1.67743
1828 -3.25757
1829 -2.12232
1830 -3.10741
1831 -2.85805
1832 -1.61217
1833 -1.95395
1834 -3.3113
1835 -3.40967
1836 -2.79415
1837 -2.38888
1838 -2.83536
1839 -2.52543
1840 -2.65829
1841 -2.03398
1842 -3.45454
1843 -3.45516
1844 -3.08026
1845 -1.8124
1846 -3.191
1847 -1.7838
1848 -1.9686
1849 -2.09233
1850 -2.67399
1851 -2.43734
1852 -2.70358
1853 -2.28897
1854 -1.91345
1855 -1.79715
1856 -2.6484
1857 -2.80333
1858 -1.96621
1859 -2.39687
1860 -3.41595
1861 -1.56342
1862 -1.74435
1863 -1.5173
1864 -2.00642
1865 -1.54469
1866 -3.41613
1867 -3.28996
1868 -2.42331
1869 -2.7417
1870 -2.3062
1871 -1.57312
1872 -3.26803
1873 -2.25405
1874 -1.52268
1875 -2.84389
1876 -2.56337
1877 -3.21205
1878 -3.12764
1879 -3.03361
1880 -1.80783
1881 -2.30702
1882 -1.97841
1883 -3.02105
1884 -3.10794
1885 -2.40624
1886 -1.33514
1887 -2.27596
1888 -1.73199
1889 -1.8267
1890 -3.20123
1891 -1.67951
1892 -1.92499
1893 -1.48387
1894 -1.73866
1895 -2.47693
1896 -1.57788
1897 -1.70801
1898 -2.32416
1899 -2.56262
1900 -3.01543
1901 -1.2005
1902 -2.71042
1903 -2.86281
1904 -2.03868
1905 -2.82214
1906 -2.30077
1907 -1.20128
1908 -2.6387
1909 -2.03832
1910 -2.85032
1911 -3.06761
1912 -2.9722
1913 -1.46147
1914 -2.72743
1915 -2.72504
1916 -2.51888
1917 -2.72012
1918 -1.66506
1919 -2.92155
1920 -1.22425
1921 -1.55058
1922 -1.29235
1923 -1.84764
1924 -1.74009
1925 -1.74399
1926 -1.04503
1927 -2.04602
1928 -2.18777
1929 -2.11278
1930 -1.36018
1931 -1.96281
1932 -2.08108
1933 -2.84671
1934 -1.61015
1935 -0.912829
1936 -2.47058
1937 -2.72142
1938 -0.933495
1939 -1.93767
1940 -1.59726
1941 -2.63057
1942 -1.86139
1943 -1.43503
1944 -0.967197
1945 -1.47366
1946 -1.05473
1947 -2.39065
1948 -1.10839
1949 -1.64454
1950 -2.2472
1951 -1.27801
1952 -2.15098
1953 -2.506
1954 -2.1028
1955 -0.879013
1956 -1.24885
1957 -2.15771
1958 -1.94605
1959 -2.46888
1960 -1.31409
1961 -2.36128
1962 -1.4983
1963 -0.473445
1964 -2.29802
1965 -2.21035
1966 -0.50015
1967 -1.89455
1968 -2.06991
1969 -0.584054
1970 -0.99501
1971 -0.842436
1972 -0.402473
1973 -2.05692
1974 -1.49077
1975 -0.595851
1976 -0.769739
1977 -1.79773
1978 -0.251888
1979 -1.15678
1980 -0.734274
1981 -1.80454
1982 -1.75378
1983 -0.217878
1984 -1.65689
1985 -1.21675
1986 -0.470968
1987 -0.293822
1988 -0.776618
1989 -1.83335
1990 -0.193294
1991 -1.53566
1992 -1.654
1993 -1.16549
1994 -1.4976
1995 -1.45522
1996 -0.893799
1997 -1.53056
1998 -0.897512
1999 -0.526463
2000 -1.69247
2001 -1.48555
2002 -0.977175
2003 -1.71854
2004 -1.18148
2005 -0.12244
2006 0.0155578
2007 -1.6369
2008 -1.62155
2009 0.0465162
2010 -0.526673
2011 -0.10474
2012 -1.52293
2013 -0.0614175
2014 -0.119703
2015 -0.993104
2016 -1.1077
2017 -0.436529
2018 -1.14917
2019 0.236985
2020 -0.165086
2021 -1.25425
2022 -1.22709
2023 0.235791
2024 -0.381612
2025 -0.70338
2026 -1.21498
2027 -1.2879
2028 -0.263409
2029 -0.159002
2030 0.122043
2031 -0.0366163
2032 0.257516
2033 -0.970313
2034 0.112363
2035 -1.07379
2036 0.740036
2037 -0.0567289
2038 -0.912815
2039 -1.10118
2040 -0.24745
2041 0.305658
2042 0.521573
2043 -0.0605922
2044 -0.063708
2045 0.0761432
2046 0.602762
2047 0.467196
2048 -0.73967
2049 -0.943617
2050 0.289016
2051 0.662087
2052 -0.649045
2053 0.592691
2054 0.410562
2055 0.463914
2056 -0.634257
2057 0.653842
2058 0.616087
2059 0.524186
2060 -0.101549
2061 0.123476
2062 -0.145369
2063 -0.49528
2064 0.483591
2065 1.27908
2066 -0.275346
2067 0.498966
2068 0.479291
2069 0.0503735
2070 0.617903
2071 -0.566481
2072 -0.460738
2073 0.304249
2074 0.519233
2075 0.603386
2076 1.48974
2077 0.212857
2078 0.142952
2079 -0.196055
2080 0.304613
2081 1.44884
2082 1.4644
2083 0.635431
2084 1.00289
2085 0.817824
2086 0.0237116
2087 1.27451
2088 0.359054
2089 1.50871
2090 0.64913
2091 1.08948
2092 0.445698
2093 1.29883
2094 1.37083
2095 1.68751
2096 1.31772
2097 1.81691
2098 0.889518
2099 0.481697
2100 0.533628
2101 0.155444
2102 0.544936
2103 0.684329
2104 1.05287
2105 1.63911
2106 1.84445
2107 1.08116
2108 0.372351
2109 0.489646
2110 1.36925
2111 1.14303
2112 0.386502
2113 1.26365
2114 0.19048
2115 1.78346
2116 0.457625
2117 0.572464
2118 1.3984
2119 1.1393
2120 0.386021
2121 0.334649
2122 0.498207
2123 1.0835
2124 1.86766
2125 2.08565
2126 0.970102
2127 1.367
2128 2.06675
2129 2.00643
2130 1.97817
2131 0.712575
2132 2.25683
2133 0.60088
2134 1.45755
2135 1.35327
2136 2.26653
2137 1.31156
2138 2.42708
2139 0.61468
2140 1.7602
2141 1.73858
2142 1.68328
2143 2.05565
2144 0.894613
2145 1.74964
2146 1.69856
2147 1.19531
2148 2.14887
2149 0.907486
2150 2.12896
2151 2.31313
2152 1.00433
2153 2.37339
2154 1.12696
2155 2.58648
2156 2.15778
2157 1.78011
2158 1.62091
2159 1.87643
2160 1.42297
2161 1.22013
2162 2.19474
2163 1.2703
2164 1.39635
2165 1.21256
2166 2.16884
2167 1.19324
2168 2.03964
2169 2.0967
2170 1.29402
2171 1.27136
2172 1.29229
2173 2.4199
2174 2.75528
2175 1.60093
2176 1.56942
2177 1.83966
2178 2.16808
2179 1.07623
2180 2.09129
2181 1.62748
2182 2.7062
2183 2.39893
2184 1.29076
2185 1.1097
2186 2.24872
2187 2.69871
2188 2.12693
2189 3.0938
2190 1.78645
2191 2.74846
2192 1.49983
2193 3.15454
2194 3.17964
2195 2.04471
2196 1.50336
2197 2.4726
2198 2.35001
2199 2.64311
2200 1.65756
2201 2.72055
2202 2.97936
2203 2.0032
2204 2.18237
2205 2.76524
2206 2.62352
2207 2.76006
2208 1.60218
2209 1.77799
2210 2.8119
2211 2.6584
2212 2.35984
2213 2.46201
2214 1.9909
2215 2.57393
2216 2.48493
2217 3.14283
2218 2.16595
2219 1.49539
2220 3.1105
2221 2.81671
2222 3.09872
2223 1.45587
2224 2.80758
2225 3.10559
2226 2.31882
2227 3.12032
2228 2.37883
2229 1.46083
2230 2.54692
2231 2.81148
2232 2.94819
2233 2.28493
2234 1.56529
2235 1.87325
2236 1.78505
2237 2.91601
2238 3.35293
2239 2.09941
2240 3.39885
2241 2.86248
2242 3.44838
2243 2.44229
2244 2.00125
2245 2.10931
2246 1.67966
2247 3.14314
2248 1.90274
2249 2.48997
2250 3.27678
2251 1.6455
2252 1.93308
2253 2.99614
2254 1.71639
2255 3.35018
2256 2.70588
2257 2.63411
2258 3.06427
2259 1.67347
2260 2.67883
2261 2.19032
2262 3.05944
2263 2.197
2264 3.04084
2265 3.18605
2266 2.62742
2267 3.37906
2268 2.65133
2269 2.52586
2270 2.02033
2271 2.58852
2272 1.92329
2273 2.00038
2274 1.55933
2275 2.45003
2276 2.63228
2277 1.75881
2278 2.11034
2279 3.04966
2280 2.76101
2281 1.89706
2282 3.20295
2283 3.19984
2284 3.39704
2285 3.42139
2286 3.05041
2287 2.60176
2288 2.55292
2289 2.6108
2290 2.77017
2291 1.72563
2292 3.29406
2293 2.32175
2294 2.41407
2295 2.82578
2296 1.99823
2297 1.53159
2298 2.69473
2299 3.13938
2300 2.5473
2301 3.20507
2302 2.21818
2303 2.96126
2304 1.69663
2305 2.26933
2306 1.90386
2307 2.82234
2308 2.52256
2309 2.50973
2310 2.36875
2311 1.78166
2312 2.90633
2313 2.07281
2314 1.4843
2315 2.80798
2316 2.00072
2317 3.04327
2318 1.92045
2319 3.06661
2320 2.16941
2321 3.20845
2322 3.31266
2323 1.98661
2324 2.05617
2325 2.25564
2326 1.34435
2327 2.58952
2328 2.32562
2329 2.58085
2330 2.27416
2331 1.42178
2332 2.33848
2333 3.0487
2334 2.94333
2335 2.59942
2336 1.88649
2337 1.41989
2338 1.99881
2339 2.99053
2340 2.51566
2341 2.95826
2342 1.36765
2343 2.02232
2344 1.63637
2345 1.46231
2346 1.44583
2347 2.25789
2348 1.13174
2349 1.9979
2350 1.96168
2351 1.944
2352 1.85497
2353 1.92882
2354 2.59104
2355 2.57762
2356 2.85707
2357 2.61424
2358 1.85232
2359 1.8743
2360 1.89322
2361 2.83121
2362 2.0075
2363 2.9499
2364 2.605
2365 1.68288
2366 2.28844
2367 1.23773
2368 1.85625
2369 1.04803
2370 0.996451
2371 1.14758
2372 2.78953
2373 1.15499
2374 1.96852
2375 1.23234
2376 1.43163
2377 2.23664
2378 2.32058
2379 1.40186
2380 1.08124
2381 1.13725
2382 2.20921
2383 1.808
2384 1.94637
2385 1.68914
2386 1.28317
2387 1.70973
2388 1.21847
2389 2.05946
2390 2.51693
2391 2.05362
2392 1.84167
2393 1.48459
2394 1.9729
2395 1.42533
2396 2.15549
2397 1.25876
2398 1.66996
2399 1.02817
2400 1.33283
2401 1.70211
2402 1.22118
2403 1.17757
2404 1.92214
2405 2.26463
2406 1.4948
2407 2.44868
2408 1.60625
2409 0.930465
2410 0.975797
2411 1.82298
2412 1.21348
2413 2.3411
2414 0.797444
2415 2.33674
2416 1.2176
2417 1.2785
2418 1.25492
2419 1.65515
2420 0.567684
2421 1.01228
2422 0.959935
2423 1.67131
2424 1.76966
2425 2.21649
2426 0.391205
2427 1.23066
2428 0.791732
2429 1.38867
2430 1.59739
2431 1.47421
2432 0.451562
2433 2.1905
2434 2.0349
2435 1.76805
2436 1.86073
2437 0.946576
2438 1.64491
2439 0.906497
2440 1.32792
2441 2.08298
2442 0.203158
2443 2.02652
2444 1.92066
2445 0.508669
2446 1.88283
2447 0.669355
2448 1.32981
2449 0.69195
2450 1.89029
2451 1.47488
2452 1.29323
2453 0.450848
2454 0.758462
2455 0.686816
2456 0.30293
2457 0.796942
2458 1.57644
2459 0.765329
2460 1.86799
2461 0.867923
2462 -0.0546385
2463 0.0371025
2464 0.787711
2465 1.72129
2466 1.55792
2467 0.412958
2468 0.444131
2469 0.990846
2470 1.11922
2471 1.58357
2472 0.897081
2473 1.15738
2474 1.45683
2475 0.676216
2476 1.53625
2477 1.22159
2478 1.23922
2479 0.771428
2480 -0.169396
2481 1.05827
2482 0.186746
2483 1.07594
2484 1.47288
2485 0.920623
2486 -0.250195
2487 -0.225521
2488 -0.272168
2489 1.3481
2490 0.573232
2491 -0.359201
2492 0.272527
2493 0.586615
2494 -0.242584
2495 1.15123
2496 0.410344
2497 1.4292
2498 -0.310547
2499 0.991126
2500 0.568055
2501 0.968004
2502 0.745327
2503 -0.352952
2504 0.31854
2505 0.406532
2506 0.538829
2507 0.0815184
2508 -0.134028
2509 0.0269978
2510 1.11295
2511 -0.0323879
2512 1.3673
2513 -0.407309
2514 1.34747
2515 1.15498
2516 0.838966
2517 -0.566261
2518 1.2767
2519 0.924772
2520 1.1505
2521 0.229255
2522 0.955507
2523 -0.176463
2524 1.2269
2525 1.13444
2526 -0.593277
2527 0.0796051
2528 1.01635
2529 -0.440813
2530 -0.456001
2531 0.0678863
2532 1.02083
2533 0.793082
2534 0.228754
2535 -0.136793
2536 -0.266587
2537 -0.688705
2538 0.498299
2539 0.162767
2540 -0.0885698
2541 0.194093
2542 0.722868
2543 -0.119192
2544 0.398405
2545 0.69144
2546 -0.33368
2547 -0.122729
2548 0.774389
2549 -0.398516
2550 -0.530297
2551 0.601689
2552 0.516612
2553 -0.879902
2554 -0.87093
2555 0.456256
2556 0.976112
2557 -0.733865
2558 -0.725089
2559 0.74016
2560 -0.418401
2561 -0.416296
2562 -0.418708
2563 -0.615934
2564 -0.833257
2565 0.608259
2566 0.0536756
2567 -0.285318
2568 0.742136
2569 -0.617455
2570 0.715939
2571 -0.500091
2572 0.430765
2573 0.300648
2574 0.250203
2575 -0.29377
2576 -0.123347
2577 0.808521
2578 0.482862
2579 -0.442305
2580 -0.676122
2581 0.873585
2582 -0.912521
2583 0.775588
2584 -1.06429
2585 -0.834567
2586 0.18751
2587 -1.1258
2588 -0.599421
2589 0.437991
2590 0.596413
2591 -0.0293563
2592 -0.983503
2593 -0.821233
2594 0.361955
2595 -0.803407
2596 0.806411
2597 -0.559029
2598 -0.0575052
2599 0.585569
2600 -0.133737
2601 -0.293171
2602 -0.860557
2603 -0.643514
2604 -0.927649
2605 0.459857
2606 0.138186
2607 0.0296537
2608 0.354132
2609 -0.288174
2610 0.683071
2611 0.778599
2612 -0.309212
2613 -1.11936
2614 0.668903
2615 -0.254235
2616 -0.830193
2617 -0.0154573
2618 -0.247595
2619 -0.292938
2620 -0.436636
2621 -0.506277
2622 -1.17339
2623 -0.267324
2624 -0.17086
2625 0.348967
2626 0.0933514
2627 -0.19677
2628 -1.03887
2629 -0.789521
2630 -0.43321
2631 0.00866584
2632 0.101775
2633 -0.106181
2634 0.555777
2635 0.367711
2636 -0.449858
2637 -0.10677
2638 -0.400647
2639 -0.891096
2640 -1.18775
2641 -0.507897
2642 -0.900412
2643 -0.282549
2644 -0.4106
2645 -1.01268
2646 0.684137
2647 -0.0178588
2648 0.196733
2649 -0.336732
2650 -1.08229
2651 -1.0097
2652 0.38882
2653 -1.02231
2654 -0.0421752
2655 -0.545801
2656 0.564211
2657 -0.710031
2658 0.497384
2659 0.766386
2660 -0.2575
2661 -0.692839
2662 0.0188985
2663 -0.911095
2664 0.446319
2665 -0.17935
2666 0.70315
2667 -0.75652
2668 -1.03869
2669 -0.449728
2670 -0.399582
2671 -0.978213
2672 0.29072
2673 -0.0516029
2674 -0.0123969
2675 -0.871614
2676 0.183816
2677 -0.080403
2678 0.358074
2679 -0.372287
2680 -1.17042
2681 0.521972
2682 -0.136385
2683 0.463335
2684 0.743871
2685 -0.93515
2686 -0.839922
2687 0.549694
2688 -0.404571
2689 -1.10299
2690 0.554489
2691 0.575138
2692 -0.559891
2693 -0.192001
2694 -1.10274
2695 -0.881817
2696 0.85888
2697 0.829053
2698 -0.411344
2699 -0.954529
2700 -0.397171
2701 0.41074
2702 -0.712974
2703 -0.888644
2704 -0.425074
2705 0.488337
2706 -0.548688
2707 -1.03189
2708 -0.384951
2709 -0.985813
2710 -0.201745
2711 -0.355374
2712 0.733674
2713 0.856844
2714 -0.699661
2715 0.667272
2716 -0.891286
2717 -0.355322
2718 0.398413
2719 -0.117274
2720 -0.282652
2721 0.125597
2722 -0.372462
2723 0.324059
2724 -0.902922
2725 -0.314891
2726 0.599334
2727 -0.890218
2728 -0.335331
2729 -0.664866
2730 -0.701013
2731 0.407777
2732 0.882652
2733 -0.280756
2734 0.648774
2735 -0.416416
2736 -0.670089
2737 -0.781305
2738 -0.333455
2739 0.0560041
2740 -0.659918
2741 0.568116
2742 0.800023
2743 -0.830814
2744 0.516389
2745 -0.812248
2746 0.919773
2747 0.704306
2748 -0.0925144
2749 0.389059
2750 -0.346313
2751 0.687237
2752 -0.427225
2753 0.335027
2754 0.0607488
2755 -0.285075
2756 1.0608
2757 -0.303699
2758 -0.143546
2759 -0.247288
2760 0.0541555
2761 0.173605
2762 -0.825929
2763 -0.054219
2764 0.897188
2765 0.822525
2766 0.524362
2767 -0.782611
2768 1.02678
2769 1.17172
2770 0.249428
2771 -0.661898
2772 0.706256
2773 0.0110409
2774 -0.535975
2775 0.17451
2776 0.145769
2777 -0.674132
2778 -0.184038
2779 0.985463
2780 0.642181
2781 0.391936
2782 0.590005
2783 1.12727
2784 -0.365732
2785 -0.44696
2786 -0.260551
2787 -0.412719
2788 0.13651
2789 0.478013
2790 0.217037
2791 1.06263
2792 -0.481493
2793 0.252908
2794 -0.134877
2795 1.2673
2796 -0.0780609
2797 1.23089
2798 1.32098
2799 -0.220102
2800 1.22867
2801 0.391363
2802 -0.0661626
2803 0.745645
2804 1.20801
2805 0.198359
2806 -0.284458
2807 0.144061
2808 0.309403
2809 0.311581
2810 -0.0954935
2811 -0.278522
2812 -0.531672
2813 1.25425
2814 -0.396588
2815 -0.147798
2816 -0.448159
2817 0.0823717
2818 0.173961
2819 0.417807
2820 1.28483
2821 1.11044
2822 0.1949
2823 -0.487179
2824 0.0678758
2825 0.759602
2826 -0.525226
2827 0.679548
2828 0.675322
2829 -0.524291
2830 1.13453
2831 0.574228
2832 0.532482
2833 -0.271029
2834 -0.0243163
2835 0.391536
2836 0.573623
2837 0.332791
2838 1.17246
2839 -0.484796
2840 1.27189
2841 -0.300151
2842 -0.145045
2843 1.35391
2844 -0.436778
2845 0.0629585
2846 -0.193808
2847 -0.289335
2848 0.73648
2849 0.566878
2850 0.710801
2851 0.599272
2852 0.250946
2853 1.47502
2854 0.677137
2855 0.879621
2856 0.791209
2857 0.704317
2858 0.107429
2859 0.0106771
2860 0.720094
2861 -0.222016
2862 1.11692
2863 -0.219386
2864 0.0310536
2865 -0.387202
2866 0.688482
2867 1.11718
2868 0.454303
2869 0.365903
2870 1.13363
2871 0.22377
2872 0.559692
2873 1.47894
2874 0.0644707
2875 0.606195
2876 0.0217037
2877 0.347043
2878 0.789853
2879 1.22783
2880 1.38027
2881 -0.036258
2882 0.286979
2883 0.0879188
2884 -0.107659
2885 1.41461
2886 1.415
2887 1.12803
2888 0.560465
2889 -0.0389306
2890 1.57449
2891 -0.286457
2892 0.169283
2893 1.11893
2894 -0.0809783
2895 0.622592
2896 1.15142
2897 1.02469
2898 0.154493
2899 0.0180337
2900 -0.199464
2901 -0.304239
2902 0.647178
2903 0.763392
2904 1.5757
2905 1.11055
2906 -0.233569
2907 -0.00775138
2908 -0.149517
2909 0.947278
2910 1.60923
2911 1.61811
2912 1.29664
2913 0.280144
2914 0.0883319
2915 1.56971
2916 0.0739644
2917 -0.118926
2918 1.07406
2919 1.0094
2920 0.215808
2921 1.02096
2922 1.09416
2923 0.755178
2924 0.5089
2925 1.38117
2926 -0.255217
2927 0.0264229
2928 0.771097
2929 0.26372
2930 0.408158
2931 0.934648
2932 0.321868
2933 1.41715
2934 0.0593402
2935 0.258413
2936 0.888141
2937 0.18587
2938 0.610475
2939 1.09821
2940 1.49256
2941 0.579007
2942 1.07556
2943 1.14845
2944 1.21846
2945 1.52333
2946 1.07777
2947 -0.347731
2948 -0.235464
2949 0.512312
2950 1.02256
2951 0.341705
2952 -0.104837
2953 0.479192
2954 1.45999
2955 0.767873
2956 0.224925
2957 -0.429843
2958 1.16055
2959 1.36321
2960 0.202051
2961 -0.0620727
2962 0.668178
2963 0.895404
2964 -0.272218
2965 1.1015
2966 1.52913
2967 0.992627
2968 -0.334479
2969 0.519264
2970 0.472057
2971 -0.459076
2972 1.48279
2973 -0.0661305
2974 1.07741
2975 1.09113
2976 -0.151019
2977 0.548924
2978 1.13916
2979 0.0113418
2980 1.46119
2981 0.563848
2982 0.757412
2983 -0.236994
2984 1.45204
2985 0.628807
2986 0.944734
2987 0.0933308
2988 0.617892
2989 0.526828
2990 -0.119249
2991 1.24688
2992 0.894468
2993 0.981472
2994 0.577708
2995 1.06061
2996 0.524316
2997 0.551223
2998 0.500711
2999 0.640452
3000 -0.475705
3001 -0.570181
3002 0.64172
3003 -0.529229
3004 -0.16923
3005 0.18966
3006 1.03592
3007 0.157311
3008 1.21973
3009 0.659869
3010 0.657128
3011 1.17313
3012 -0.280292
3013 -0.0856395
3014 -0.560169
3015 -0.320633
3016 1.05475
3017 0.900163
3018 0.292354
3019 0.196403
3020 -0.0451021
3021 0.705203
3022 -0.0203834
3023 -0.61002
3024 0.23161
3025 1.10662
3026 1.00429
3027 -0.68592
3028 0.220491
3029 0.0721802
3030 0.526277
3031 0.321142
3032 0.083006
3033 -0.246305
3034 0.38234
3035 0.50897
3036 0.543353
3037 0.0231028
3038 -0.723999
3039 0.377723
3040 -0.697439
3041 0.557706
3042 0.180453
3043 -0.343073
3044 1.11182
3045 0.26516
3046 -0.0136706
3047 0.821796
3048 -0.174224
3049 0.944391
3050 -0.310805
3051 0.456988
3052 0.331258
3053 0.355854
3054 0.539418
3055 -0.739245
3056 0.165831
3057 0.252559
3058 -0.710798
3059 -0.893763
3060 1.05023
3061 0.546568
3062 0.164092
3063 -0.124403
3064 1.0483
3065 -0.699834
3066 -0.855979
3067 0.35685
3068 0.0942327
3069 -0.803227
3070 -0.482868
3071 0.18518
3072 0.548714
3073 0.497688
3074 0.648097
3075 0.472425
3076 -0.419336
3077 -0.541818
3078 0.123933
3079 0.242124
3080 -0.755756
3081 0.660802
3082 -0.447198
3083 0.435223
3084 -0.117579
3085 -1.03596
3086 0.573868
3087 -1.06778
3088 0.106661
3089 0.759232
3090 -1.05927
3091 0.0652813
3092 0.220321
3093 0.0254821
3094 -1.13232
3095 0.201574
3096 0.26476
3097 -1.04302
3098 -0.490134
3099 -0.683392
3100 -0.882458
3101 -0.003029
3102 0.477944
3103 0.648597
3104 -0.516813
3105 0.120757
3106 0.121927
3107 0.070945
3108 0.59222
3109 -0.734671
3110 -0.661279
3111 -1.1317
3112 -1.03585
3113 -0.0642868
3114 0.353884
3115 -0.0969053
3116 -0.0375559
3117 -0.00340276
3118 -0.0896886
3119 -0.849759
3120 -0.1569
3121 -0.05556
3122 0.315037
3123 -0.830957
3124 -0.918357
3125 0.300526
3126 0.494502
3127 0.476351
3128 0.393504
3129 -0.853591
3130 -1.05897
3131 -1.33487
3132 0.303458
3133 0.585032
3134 0.485751
3135 -1.03538
3136 -0.110298
3137 -0.202492
3138 0.231299
3139 -0.316468
3140 0.270308
3141 -1.21667
3142 -0.229033
3143 0.459391
3144 -0.0502358
3145 -0.638674
3146 -0.395302
3147 -0.839866
3148 -1.38846
3149 -1.22571
3150 -0.4247
3151 -0.274818
3152 -0.00513506
3153 -0.827964
3154 0.181463
3155 0.369258
3156 -1.2292
3157 -0.0203429
3158 0.15473
3159 0.47882
3160 0.445955
3161 0.420985
3162 0.474483
3163 0.0852292
3164 0.347079
3165 0.30651
3166 0.401312
3167 -0.406612
3168 -0.534259
3169 -0.000585208
3170 -1.35123
3171 -0.887087
3172 0.164589
3173 -0.193481
3174 -1.03601
3175 -0.489093
3176 -1.43077
3177 -0.025134
3178 0.0819753
3179 -1.40358
3180 0.169486
3181 -0.917758
3182 -0.248831
3183 -0.401525
3184 -0.30708
3185 -0.62425
3186 -0.584714
3187 -0.0843356
3188 -1.18829
3189 -0.969377
3190 -0.140643
3191 -1.27325
3192 -1.07512
3193 -0.188755
3194 0.293478
3195 -1.2425
3196 -0.392707
3197 0.188281
3198 -0.151717
3199 -1.42571
3200 -0.307231
3201 0.00589418
3202 -0.800235
3203 -0.626412
3204 -0.667732
3205 -0.312816
3206 -1.58855
3207 -0.568069
3208 -0.80409
3209 0.0306637
3210 -0.431081
3211 -1.09076
3212 -1.34002
3213 -1.12967
3214 0.0610869
3215 -0.0906567
3216 -0.194447
3217 -0.961188
3218 -0.609636
3219 0.185481
3220 -0.359532
3221 -1.17649
3222 -1.51126
3223 0.144501
3224 0.216513
3225 0.366513
3226 -1.51121
3227 -0.586967
3228 0.146404
3229 -0.0689905
3230 -0.416463
3231 -0.562399
3232 -0.462505
3233 -1.614
3234 -1.58406
3235 -1.52349
3236 -0.318129
3237 -1.56204
3238 -0.479165
3239 -1.50805
3240 0.0845042
3241 -1.29271
3242 -0.979671
3243 0.365166
3244 -0.800199
3245 -1.29498
3246 -0.100515
3247 -1.36835
3248 -0.628622
3249 -1.0814
3250 -1.55298
3251 -1.35718
3252 -0.625882
3253 -1.43127
3254 -1.57879
3255 -0.774629
3256 -1.42922
3257 -1.45372
3258 0.27536
3259 0.35476
3260 0.115428
3261 -0.502454
3262 -0.568543
3263 -0.707591
3264 -0.476634
3265 -0.512511
3266 -0.590774
3267 -1.1543
3268 -0.433986
3269 -1.42933
3270 -1.02176
3271 -0.708962
3272 -1.08165
3273 -0.361228
3274 -0.703844
3275 -0.242199
3276 -0.0169234
3277 -1.16549
3278 0.027837
3279 -1.00769
3280 -0.609628
3281 0.111473
3282 -0.728951
3283 0.399641
3284 0.314535
3285 -0.67428
3286 -0.74246
3287 -1.48315
3288 -0.497506
3289 -0.837702
3290 -1.50014
3291 -0.755047
3292 0.285609
3293 -0.444243
3294 0.16043
3295 -0.569389
3296 -1.3366
3297 -0.811734
3298 -0.106671
3299 -0.155223
3300 -0.6274
3301 -1.51652
3302 -1.25409
3303 -0.100812
3304 -0.271425
3305 -0.353578
3306 -0.740678
3307 -0.688089
3308 0.0790658
3309 -1.11688
3310 -0.102045
3311 -0.939108
3312 -1.41628
3313 -1.24425
3314 -0.95515
3315 0.48009
3316 -0.33922
3317 -0.120879
3318 -1.42895
3319 -1.2653
3320 -1.38987
3321 -1.36316
3322 -0.457227
3323 0.455985
3324 -0.250066
3325 -0.742417
3326 -0.56203
3327 -0.0383465
3328 -0.00892411
3329 -1.12661
3330 -0.654669
3331 -1.10065
3332 -1.11074
3333 -0.379675
3334 0.324256
3335 0.140157
3336 -1.21438
3337 -0.901035
3338 -1.03607
3339 0.372978
3340 -0.513233
3341 0.362917
3342 -1.06878
3343 -0.435897
3344 0.608521
3345 -0.537886
3346 -0.473601
3347 -0.252371
3348 -1.18435
3349 -0.432093
3350 -0.0511958
3351 -1.11178
3352 -0.336864
3353 -1.05412
3354 -1.20562
3355 -1.14092
3356 -0.354722
3357 -0.330057
3358 0.254075
3359 -0.934594
3360 -0.0319384
3361 -0.98021
3362 -0.619242
3363 0.268924
3364 0.0472758
3365 -0.892289
3366 -0.192714
3367 0.226582
3368 -0.404183
3369 0.155784
3370 -0.020467
3371 0.457935
3372 -0.110593
3373 0.276785
3374 -0.616618
3375 -0.145442
3376 -0.909207
3377 0.256916
3378 -1.05546
3379 -0.756003
3380 -0.842438
3381 0.221248
3382 -0.544736
3383 0.13887
3384 0.480405
3385 -0.441984
3386 0.301404
3387 -0.575804
3388 0.521518
3389 -0.15593
3390 -0.226788
3391 -0.231804
3392 0.13747
3393 0.422563
3394 -0.699316
3395 -0.556729
3396 0.783749
3397 0.356388
3398 0.913204
3399 -0.382157
3400 -0.254633
3401 0.120845
3402 -0.701209
3403 0.852688
3404 -0.38956
3405 -0.110125
3406 -0.0901636
3407 -0.10129
3408 -0.660848
3409 0.0416224
3410 0.324832
3411 -0.326279
3412 -0.56524
3413 0.946869
3414 0.974249
3415 -0.928288
3416 -0.343678
3417 0.421986
3418 -0.36286
3419 -0.686022
3420 -0.602897
3421 0.536317
3422 0.203063
3423 0.650395
3424 0.0696425
3425 0.60946
3426 -0.805662
3427 -0.0509658
3428 0.0564717
3429 -0.80684
3430 0.6475
3431 0.877481
3432 0.38468
3433 1.01201
3434 0.790954
3435 1.05098
3436 -0.0471525
3437 -0.253139
3438 -0.00910604
3439 0.328348
3440 0.82
3441 -0.65757
3442 1.02398
3443 -0.7281
3444 -0.69831
3445 1.00589
3446 -0.653427
3447 -0.0437061
3448 0.421507
3449 -0.0272907
3450 0.254663
3451 0.798423
3452 -0.515711
3453 -0.571535
3454 0.415062
3455 0.515709
3456 0.995266
3457 0.562336
3458 -0.586697
3459 -0.00404578
3460 0.695401
3461 0.99643
3462 -0.195183
3463 0.00725205
3464 0.931439
3465 -0.485376
3466 -0.0270154
3467 -0.205034
3468 0.168135
3469 0.866535
3470 1.02202
3471 -0.11708
3472 1.09987
3473 0.933072
3474 0.0381007
3475 -0.718908
3476 0.814783
3477 0.256822
3478 0.105909
3479 0.101231
3480 1.09094
3481 1.21849
3482 -0.245878
3483 -0.573706
3484 -0.505334
3485 1.01359
3486 0.783156
3487 -0.672124
3488 0.410715
3489 1.02813
3490 0.152445
3491 -0.0682779
3492 0.847212
3493 0.777004
3494 0.755863
3495 0.592738
3496 1.10297
3497 -0.462505
3498 1.19371
3499 0.0745291
3500 1.20493
3501 1.01416
3502 0.75346
3503 1.09845
3504 0.73858
3505 -0.41933
3506 1.16647
3507 0.338162
3508 0.620227
3509 0.0531105
3510 1.21818
3511 0.488064
3512 0.0466744
3513 -0.254382
3514 0.685978
3515 0.311325
3516 -0.472375
3517 0.236037
3518 0.404661
3519 0.70242
3520 0.0269357
3521 -0.681379
3522 -0.605526
3523 -0.366638
3524 0.853788
3525 0.907515
3526 0.982363
3527 0.71217
3528 1.19964
3529 0.929998
3530 -0.460022
3531 1.15728
3532 0.696354
3533 1.0452
3534 1.00713
3535 0.186042
3536 -0.62324
3537 0.924339
3538 -0.725139
3539 0.747635
3540 -0.271836
3541 -0.756109
3542 -0.0132388
3543 0.526184
3544 -0.258788
3545 -0.575127
3546 -0.409852
3547 0.0220556
3548 0.414782
3549 0.749409
3550 -0.520119
3551 -0.801998
3552 0.825269
3553 -0.367376
3554 -0.40926
3555 0.439615
3556 -0.698043
3557 -0.663744
3558 -0.0836477
3559 -0.732343
3560 1.03388
3561 0.225598
3562 -0.804078
3563 0.503021
3564 0.0454688
3565 0.979678
3566 -0.532279
3567 0.202998
3568 0.686978
3569 -0.472188
3570 -0.261788
3571 -0.794852
3572 -0.435785
3573 0.520071
3574 0.529093
3575 0.105932
3576 0.748271
3577 0.925471
3578 0.937199
3579 -0.0246735
3580 0.490294
3581 -0.764287
3582 -0.00473763
3583 0.140876
3584 -0.30289
3585 0.418314
3586 -0.583578
3587 -0.161305
3588 0.597976
3589 0.180039
3590 -0.0424458
3591 0.487073
3592 -0.735048
3593 0.0169685
3594 -0.142158
3595 0.182504
3596 -0.126856
3597 0.206554
3598 -0.728933
3599 -0.549662
3600 0.629314
3601 -0.0909626
3602 -0.439866
3603 -0.896856
3604 -0.65623
3605 -0.990986
3606 0.134066
3607 -0.977687
3608 -1.12988
3609 0.0123336
3610 -0.0557764
3611 0.312587
3612 0.205894
3613 -1.09692
3614 -0.577118
3615 -1.12168
3616 0.302692
3617 -0.173344
3618 -0.289498
3619 -0.0996428
3620 -0.987334
3621 0.680384
3622 -0.593809
3623 -0.697113
3624 -0.270797
3625 0.30254
3626 0.530629
3627 0.65439
3628 -0.431984
3629 -1.13243
3630 -0.822374
3631 -0.722676
3632 -0.13623
3633 -0.167836
3634 -0.517814
3635 0.316642
3636 -0.042265
3637 -1.25966
3638 0.470634
3639 -0.032804
3640 -0.10025
3641 -0.430257
3642 -0.557459
3643 -0.723657
3644 -0.348468
3645 0.0522093
3646 -0.650402
3647 -0.842634
3648 -0.909716
3649 0.27986
3650 0.285892
3651 -0.660408
3652 0.205423
3653 -1.05414
3654 -0.0950758
3655 -0.794199
3656 -1.47163
3657 -0.27563
3658 -0.842078
3659 -0.596909
3660 -0.0923188
3661 -0.339614
3662 0.0144084
3663 -0.885341
3664 -1.15497
3665 -1.14159
3666 -1.1975
3667 0.18341
3668 -1.01111
3669 -1.32716
3670 -0.440079
3671 -1.69238
3672 -0.328719
3673 -1.55906
3674 -0.967735
3675 -1.219
3676 -0.03874
3677 -0.140043
3678 -0.573512
3679 -1.45025
3680 -0.351844
3681 -0.769102
3682 -0.581911
3683 -0.6074
3684 -0.273897
3685 -1.11728
3686 -1.83148
3687 -0.164952
3688 -1.80183
3689 -1.07194
3690 -1.14965
3691 -0.271314
3692 -1.77804
3693 -1.49103
3694 -1.50169
3695 -1.26726
3696 -0.956041
3697 -1.01174
3698 -1.3855
3699 -0.257866
3700 -0.618645
3701 -2.09431
3702 -0.207936
3703 -1.19398
3704 -1.88888
3705 -1.40004
3706 -0.626174
3707 -2.12961
3708 -1.73084
3709 -1.37919
3710 -1.74807
3711 -0.239583
3712 -0.293848
3713 -0.464175
3714 -0.969783
3715 -0.679129
3716 -1.6814
3717 -0.889746
3718 -0.921081
3719 -1.54873
3720 -2.01565
3721 -2.11316
3722 -1.85091
3723 -1.81299
3724 -1.61188
3725 -1.34868
3726 -1.0647
3727 -0.540735
3728 -2.32157
3729 -2.39969
3730 -0.73641
3731 -0.866336
3732 -2.40842
3733 -0.847054
3734 -1.9513
3735 -2.17656
3736 -2.11462
3737 -2.43327
3738 -2.15022
3739 -1.67776
3740 -1.63301
3741 -1.70709
3742 -1.71439
3743 -1.71215
3744 -1.9448
3745 -2.44596
3746 -2.1413
3747 -1.36448
3748 -1.06224
3749 -0.77718
3750 -2.61626
3751 -0.769221
3752 -2.56995
3753 -2.13506
3754 -2.2384
3755 -1.82633
3756 -1.11655
3757 -0.924238
3758 -1.97655
3759 -1.03596
3760 -0.91013
3761 -2.28755
3762 -1.46529
3763 -0.869953
3764 -2.67444
3765 -0.944883
3766 -2.56328
3767 -2.29433
3768 -0.871933
3769 -2.19582
3770 -1.44297
3771 -1.96441
3772 -1.35099
3773 -2.59408
3774 -1.10194
3775 -2.70986
3776 -2.44283
3777 -2.63479
3778 -1.45466
3779 -2.8742
3780 -2.76995
3781 -1.41779
3782 -2.9792
3783 -2.66463
3784 -2.86656
3785 -2.52033
3786 -1.78274
3787 -1.26399
3788 -2.71458
3789 -3.01848
3790 -1.54836
3791 -2.86239
3792 -2.53301
3793 -2.22997
3794 -2.93806
3795 -2.4026
3796 -2.3595
3797 -2.67551
3798 -1.86068
3799 -2.38481
3800 -2.01438
3801 -2.43644
3802 -1.47179
3803 -2.47777
3804 -2.13281
3805 -1.66596
3806 -2.26987
3807 -1.64792
3808 -1.36315
3809 -2.7771
3810 -1.56492
3811 -3.16618
3812 -3.21831
3813 -1.55796
3814 -2.83511
3815 -3.07971
3816 -3.06373
3817 -1.59395
3818 -1.31053
3819 -2.73593
3820 -1.56091
3821 -1.7983
3822 -2.52872
3823 -3.01539
3824 -2.94088
3825 -2.37059
3826 -2.31308
3827 -2.18682
3828 -1.92396
3829 -3.04312
3830 -1.43256
3831 -2.79093
3832 -2.32387
3833 -1.74046
3834 -2.0967
3835 -3.27664
3836 -2.21842
3837 -3.17068
3838 -1.72088
3839 -2.37017
3840 -2.72874
3841 -2.05921
3842 -2.30229
3843 -2.70562
3844 -2.36844
3845 -1.88145
3846 -2.52226
3847 -2.16206
3848 -2.19834
3849 -2.54886
3850 -1.6073
3851 -2.46189
3852 -3.0432
3853 -2.82556
3854 -2.16041
3855 -2.66091
3856 -1.86675
3857 -3.13797
3858 -1.50617
3859 -2.44322
3860 -2.82777
3861 -1.57967
3862 -1.86944
3863 -1.78138
3864 -1.94443
3865 -2.58509
3866 -1.67172
3867 -2.7714
3868 -2.35928
3869 -1.99115
3870 -1.73528
3871 -1.67699
3872 -2.63471
3873 -2.61738
3874 -2.95799
3875 -1.5742
3876 -3.06566
3877 -2.04296
3878 -2.29496
3879 -1.81881
3880 -3.14284
3881 -2.44959
3882 -2.82446
3883 -2.72634
3884 -1.81208
3885 -1.51856
3886 -1.9178
3887 -2.20635
3888 -3.18113
3889 -1.94577
3890 -3.16869
3891 -2.52543
3892 -2.03951
3893 -1.54984
3894 -2.81629
3895 -2.49129
3896 -2.64027
3897 -2.99146
3898 -1.76436
3899 -1.49955
3900 -1.48107
3901 -1.99667
3902 -1.67226
3903 -2.61029
3904 -3.10748
3905 -3.12271
3906 -2.67611
3907 -2.66404
3908 -1.65597
3909 -1.46087
3910 -2.97228
3911 -3.288
3912 -2.39952
3913 -2.28579
3914 -2.50349
3915 -2.701
3916 -2.29408
3917 -2.9115
3918 -3.39815
3919 -1.96673
3920 -3.34963
3921 -3.06016
3922 -2.98656
3923 -1.88474
3924 -3.10692
3925 -2.30123
3926 -2.87597
3927 -2.24883
3928 -1.79614
3929 -3.14572
3930 -2.25583
3931 -1.78685
3932 -1.65434
3933 -2.44247
3934 -2.91407
3935 -3.28143
3936 -2.0876
3937 -2.11552
3938 -2.47387
3939 -2.27514
3940 -2.11127
3941 -1.98445
3942 -2.10498
3943 -3.05631
3944 -2.81954
3945 -3.1617
3946 -2.31458
3947 -1.67506
3948 -2.63893
3949 -2.28287
3950 -2.21647
3951 -2.5679
3952 -1.92716
3953 -1.79207
3954 -3.04671
3955 -1.63331
3956 -2.69781
3957 -2.53259
3958 -2.49757
3959 -1.11503
3960 -2.30516
3961 -1.38615
3962 -1.54064
3963 -2.6044
3964 -2.47979
3965 -1.11226
3966 -2.54989
3967 -1.23807
3968 -1.90521
3969 -1.70805
3970 -2.20451
3971 -2.71489
3972 -2.39813
3973 -1.02248
3974 -2.49166
3975 -1.94573
3976 -2.91994
3977 -1.54983
3978 -2.37233
3979 -2.31849
3980 -2.6005
3981 -1.3649
3982 -1.67091
3983 -1.32073
3984 -1.9587
3985 -1.52812
3986 -1.77342
3987 -1.4849
3988 -0.898224
3989 -1.11774
3990 -1.45604
3991 -2.06896
3992 -1.37905
3993 -1.88153
3994 -1.56801
3995 -0.763411
3996 -1.90839
3997 -1.04265
3998 -0.936494
3999 -0.758986
4000 -1.70656
4001 -2.10744
4002 -2.45101
4003 -1.09264
4004 -2.12878
4005 -1.95256
4006 -2.05939
4007 -2.08098
4008 -0.545988
4009 -1.48676
4010 -1.46607
4011 -2.22476
4012 -1.9417
4013 -2.23889
4014 -0.659361
4015 -1.02635
4016 -0.905144
4017 -1.58319
4018 -1.67404
4019 -0.978637
4020 -1.88878
4021 -0.330606
4022 -2.2609
4023 -0.494014
4024 -1.45129
4025 -1.08114
4026 -0.522813
4027 -0.63833
4028 -1.41579
4029 -0.764758
4030 -0.716308
4031 -0.454984
4032 -0.218555
4033 -0.527493
4034 -0.921703
4035 -1.73541
4036 -1.88221
4037 -0.397422
4038 -1.24699
4039 -1.87314
4040 -1.34356
4041 -0.186959
4042 -1.5864
4043 -0.788447
4044 0.0561916
4045 -1.77857
4046 -1.36254
4047 -0.41171
4048 -0.939613
4049 -0.629606
4050 -0.998624
4051 -0.452002
4052 -0.599222
4053 -0.914015
4054 -0.616063
4055 -1.73618
4056 -1.69653
4057 -0.85603
4058 -0.107516
4059 -0.861244
4060 -1.38569
4061 -0.604785
4062 -1.11331
4063 -1.41753
4064 -0.961812
4065 0.119127
4066 -1.01518
4067 -0.722718
4068 -0.173504
4069 -0.173956
4070 -0.524281
4071 0.537817
4072 -0.322788
4073 -0.089368
4074 -0.246189
4075 -0.279083
4076 0.102593
4077 0.344764
4078 -0.75439
4079 -0.91776
4080 -0.382777
4081 0.131805
4082 0.497762
4083 -1.13182
4084 -0.949421
4085 -0.302951
4086 -1.07014
4087 -0.865617
4088 0.603782
4089 0.567494
4090 0.000628714
4091 -1.07212
4092 -0.34524
4093 0.561589
4094 -0.833189
4095 0.331552


0 -0.0091277
1 0.00936011
2 0.0278484
3 0.0463362
4 0.0648223
5 0.0833059
6 0.101786
7 0.120261
8 0.13873
9 0.157193
10 0.175648
11 0.194093
12 0.212529
13 0.230954
14 0.249367
15 0.267767
16 0.286153
17 0.304524
18 0.322878
19 0.341216
20 0.359535
21 0.377835
22 0.396115
23 0.414373
24 0.432609
25 0.450822
26 0.46901
27 0.487173
28 0.50531
29 0.523419
30 0.541499
31 0.559551
32 0.577571
33 0.59556
34 0.613517
35 0.63144
36 0.649329
37 0.667182
38 0.684999
39 0.702778
40 0.720519
41 0.73822
42 0.755881
43 0.773501
44 0.791077
45 0.808611
46 0.8261
47 0.843544
48 0.860941
49 0.878292
50 0.895594
51 0.912846
52 0.930049
53 0.9472
54 0.9643
55 0.981346
56 0.998339
57 1.01528
58 1.03216
59 1.04898
60 1.06575
61 1.08246
62 1.09911
63 1.1157
64 1.13222
65 1.14869
66 1.16509
67 1.18143
68 1.1977
69 1.21391
70 1.23005
71 1.24613
72 1.26213
73 1.27807
74 1.29393
75 1.30973
76 1.32545
77 1.3411
78 1.35667
79 1.37218
80 1.3876
81 1.40295
82 1.41823
83 1.43342
84 1.44854
85 1.46358
86 1.47854
87 1.49342
88 1.50821
89 1.52293
90 1.53756
91 1.5521
92 1.56656
93 1.58094
94 1.59523
95 1.60943
96 1.62355
97 1.63758
98 1.65151
99 1.66536
100 1.67912
101 1.69278
102 1.70636
103 1.71984
104 1.73323
105 1.74652
106 1.75972
107 1.77282
108 1.78583
109 1.79874
110 1.81156
111 1.82427
112 1.83689
113 1.84941
114 1.86182
115 1.87414
116 1.88636
117 1.89847
118 1.91048
119 1.92239
120 1.9342
121 1.9459
122 1.9575
123 1.96899
124 1.98038
125 1.99166
126 2.00283
127 2.0139
128 2.02486
129 2.03571
130 2.04645
131 2.05708
132 2.06761
133 2.07802
134 2.08832
135 2.09851
136 2.10859
137 2.11856
138 2.12841
139 2.13815
140 2.14778
141 2.1573
142 2.1667
143 2.17598
144 2.18515
145 2.19421
146 2.20315
147 2.21197
148 2.22068
149 2.22927
150 2.23775
151 2.2461
152 2.25434
153 2.26246
154 2.27046
155 2.27835
156 2.28611
157 2.29376
158 2.30128
159 2.30869
160 2.31597
161 2.32314
162 2.33018
163 2.33711
164 2.34391
165 2.35059
166 2.35715
167 2.36359
168 2.36991
169 2.3761
170 2.38217
171 2.38812
172 2.39395
173 2.39966
174 2.40524
175 2.4107
176 2.41603
177 2.42125
178 2.42634
179 2.4313
180 2.43615
181 2.44087
182 2.44546
183 2.44993
184 2.45428
185 2.45851
186 2.46261
187 2.46658
188 2.47044
189 2.47416
190 2.47777
191 2.48125
192 2.48461
193 2.48784
194 2.49095
195 2.49394
196 2.4968
197 2.49954
198 2.50215
199 2.50464
200 2.50701
201 2.50926
202 2.51138
203 2.51337
204 2.51525
205 2.517
206 2.51863
207 2.52013
208 2.52152
209 2.52278
210 2.52392
211 2.52494
212 2.52583
213 2.5266
214 2.52726
215 2.52779
216 2.5282
217 2.52848
218 2.52865
219 2.5287
220 2.52863
221 2.52843
222 2.52812
223 2.52769
224 2.52714
225 2.52647
226 2.52568
227 2.52477
228 2.52375
229 2.52261
230 2.52135
231 2.51997
232 2.51848
233 2.51687
234 2.51514
235 2.5133
236 2.51135
237 2.50928
238 2.50709
239 2.50479
240 2.50238
241 2.49985
242 2.49722
243 2.49446
244 2.4916
245 2.48863
246 2.48554
247 2.48234
248 2.47904
249 2.47562
250 2.47209
251 2.46846
252 2.46471
253 2.46086
254 2.45691
255 2.45284
256 2.44867
257 2.44439
258 2.44001
259 2.43552
260 2.43093
261 2.42624
262 2.42144
263 2.41654
264 2.41153
265 2.40643
266 2.40122
267 2.39592
268 2.39051
269 2.38501
270 2.37941
271 2.37371
272 2.36791
273 2.36201
274 2.35602
275 2.34994
276 2.34376
277 2.33748
278 2.33111
279 2.32465
280 2.3181
281 2.31146
282 2.30472
283 2.29789
284 2.29098
285 2.28398
286 2.27688
287 2.2697
288 2.26244
289 2.25509
290 2.24765
291 2.24013
292 2.23252
293 2.22483
294 2.21706
295 2.20921
296 2.20127
297 2.19326
298 2.18517
299 2.17699
300 2.16874
301 2.16042
302 2.15201
303 2.14353
304 2.13498
305 2.12635
306 2.11765
307 2.10888
308 2.10003
309 2.09111
310 2.08213
311 2.07307
312 2.06395
313 2.05475
314 2.0455
315 2.03617
316 2.02678
317 2.01733
318 2.00781
319 1.99823
320 1.98858
321 1.97888
322 1.96911
323 1.95929
324 1.94941
325 1.93947
326 1.92947
327 1.91942
328 1.90931
329 1.89914
330 1.88893
331 1.87866
332 1.86834
333 1.85797
334 1.84754
335 1.83707
336 1.82655
337 1.81599
338 1.80537
339 1.79472
340 1.78401
341 1.77326
342 1.76247
343 1.75164
344 1.74077
345 1.72985
346 1.7189
347 1.70791
348 1.69688
349 1.68581
350 1.67471
351 1.66357
352 1.65239
353 1.64119
354 1.62995
355 1.61868
356 1.60738
357 1.59605
358 1.58469
359 1.57331
360 1.56189
361 1.55045
362 1.53899
363 1.5275
364 1.51599
365 1.50445
366 1.4929
367 1.48132
368 1.46972
369 1.45811
370 1.44647
371 1.43482
372 1.42315
373 1.41147
374 1.39977
375 1.38806
376 1.37634
377 1.3646
378 1.35286
379 1.3411
380 1.32934
381 1.31756
382 1.30578
383 1.29399
384 1.2822
385 1.2704
386 1.2586
387 1.2468
388 1.23499
389 1.22318
390 1.21137
391 1.19957
392 1.18776
393 1.17596
394 1.16416
395 1.15236
396 1.14057
397 1.12878
398 1.117
399 1.10523
400 1.09347
401 1.08171
402 1.06997
403 1.05823
404 1.04651
405 1.0348
406 1.02311
407 1.01142
408 0.999756
409 0.988104
410 0.97647
411 0.964852
412 0.953253
413 0.941674
414 0.930114
415 0.918574
416 0.907057
417 0.895561
418 0.884089
419 0.87264
420 0.861216
421 0.849818
422 0.838446
423 0.827101
424 0.815784
425 0.804495
426 0.793236
427 0.782007
428 0.770808
429 0.759641
430 0.748507
431 0.737406
432 0.726338
433 0.715305
434 0.704308
435 0.693346
436 0.682421
437 0.671534
438 0.660685
439 0.649874
440 0.639104
441 0.628373
442 0.617684
443 0.607036
444 0.59643
445 0.585868
446 0.575349
447 0.564875
448 0.554446
449 0.544062
450 0.533725
451 0.523435
452 0.513192
453 0.502998
454 0.492852
455 0.482756
456 0.472711
457 0.462716
458 0.452772
459 0.44288
460 0.433041
461 0.423255
462 0.413523
463 0.403845
464 0.394222
465 0.384655
466 0.375143
467 0.365688
468 0.356291
469 0.34695
470 0.337669
471 0.328446
472 0.319282
473 0.310178
474 0.301134
475 0.292151
476 0.28323
477 0.27437
478 0.265572
479 0.256838
480 0.248166
481 0.239559
482 0.231015
483 0.222536
484 0.214123
485 0.205775
486 0.197492
487 0.189277
488 0.181128
489 0.173046
490 0.165032
491 0.157086
492 0.149209
493 0.1414
494 0.13366
495 0.125991
496 0.118391
497 0.110861
498 0.103403
499 0.0960148
500 0.0886984
501 0.0814538
502 0.0742812
503 0.067181
504 0.0601534
505 0.0531989
506 0.0463177
507 0.03951
508 0.0327762
509 0.0261166
510 0.0195314
511 0.0130209
512 0.00658539
513 0.000225039
514 -0.00605986
515 -0.0122691
516 -0.0184024
517 -0.0244596
518 -0.0304404
519 -0.0363447
520 -0.0421722
521 -0.0479227
522 -0.0535961
523 -0.0591922
524 -0.0647108
525 -0.0701518
526 -0.0755149
527 -0.0808
528 -0.0860071
529 -0.0911359
530 -0.0961863
531 -0.101158
532 -0.106052
533 -0.110866
534 -0.115602
535 -0.120259
536 -0.124836
537 -0.129335
538 -0.133755
539 -0.138095
540 -0.142356
541 -0.146538
542 -0.15064
543 -0.154663
544 -0.158607
545 -0.162471
546 -0.166255
547 -0.16996
548 -0.173586
549 -0.177132
550 -0.180599
551 -0.183986
552 -0.187294
553 -0.190522
554 -0.193671
555 -0.196741
556 -0.199731
557 -0.202642
558 -0.205475
559 -0.208228
560 -0.210902
561 -0.213497
562 -0.216014
563 -0.218452
564 -0.220811
565 -0.223092
566 -0.225294
567 -0.227419
568 -0.229465
569 -0.231433
570 -0.233324
571 -0.235137
572 -0.236873
573 -0.238531
574 -0.240112
575 -0.241617
576 -0.243044
577 -0.244395
578 -0.24567
579 -0.246869
580 -0.247992
581 -0.249039
582 -0.250011
583 -0.250907
584 -0.251729
585 -0.252476
586 -0.253148
587 -0.253746
588 -0.254271
589 -0.254721
590 -0.255099
591 -0.255403
592 -0.255634
593 -0.255793
594 -0.25588
595 -0.255894
596 -0.255838
597 -0.25571
598 -0.255511
599 -0.255241
600 -0.254901
601 -0.254492
602 -0.254012
603 -0.253464
604 -0.252847
605 -0.252161
606 -0.251407
607 -0.250585
608 -0.249696
609 -0.248741
610 -0.247718
611 -0.246629
612 -0.245475
613 -0.244255
614 -0.242971
615 -0.241621
616 -0.240208
617 -0.238731
618 -0.237191
619 -0.235588
620 -0.233923
621 -0.232196
622 -0.230407
623 -0.228557
624 -0.226647
625 -0.224677
626 -0.222648
627 -0.220559
628 -0.218411
629 -0.216206
630 -0.213943
631 -0.211623
632 -0.209246
633 -0.206813
634 -0.204324
635 -0.20178
636 -0.199182
637 -0.19653
638 -0.193824
639 -0.191065
640 -0.188253
641 -0.18539
642 -0.182475
643 -0.17951
644 -0.176494
645 -0.173428
646 -0.170313
647 -0.16715
648 -0.163938
649 -0.160679
650 -0.157373
651 -0.15402
652 -0.150622
653 -0.147179
654 -0.14369
655 -0.140158
656 -0.136583
657 -0.132964
658 -0.129303
659 -0.125601
660 -0.121857
661 -0.118073
662 -0.114249
663 -0.110386
664 -0.106484
665 -0.102544
666 -0.0985671
667 -0.094553
668 -0.0905026
669 -0.0864167
670 -0.0822958
671 -0.0781406
672 -0.0739517
673 -0.0697297
674 -0.0654753
675 -0.0611891
676 -0.0568717
677 -0.0525238
678 -0.048146
679 -0.0437389
680 -0.0393033
681 -0.0348396
682 -0.0303487
683 -0.0258311
684 -0.0212874
685 -0.0167184
686 -0.0121247
687 -0.00750684
688 -0.0028656
689 0.0017984
690 0.00648452
691 0.0111921
692 0.0159205
693 0.020669
694 0.025437
695 0.0302238
696 0.0350288
697 0.0398513
698 0.0446906
699 0.0495462
700 0.0544172
701 0.0593031
702 0.0642033
703 0.0691169
704 0.0740435
705 0.0789823
706 0.0839326
707 0.0888938
708 0.0938653
709 0.0988463
710 0.103836
711 0.108834
712 0.11384
713 0.118853
714 0.123872
715 0.128896
716 0.133926
717 0.13896
718 0.143997
719 0.149038
720 0.154081
721 0.159125
722 0.164171
723 0.169217
724 0.174262
725 0.179307
726 0.18435
727 0.189391
728 0.194429
729 0.199463
730 0.204494
731 0.209519
732 0.214539
733 0.219553
734 0.224561
735 0.229561
736 0.234553
737 0.239536
738 0.24451
739 0.249474
740 0.254428
741 0.259371
742 0.264302
743 0.269221
744 0.274126
745 0.279018
746 0.283896
747 0.288759
748 0.293607
749 0.298439
750 0.303254
751 0.308051
752 0.312831
753 0.317593
754 0.322336
755 0.327059
756 0.331762
757 0.336444
758 0.341105
759 0.345744
760 0.35036
761 0.354954
762 0.359523
763 0.364069
764 0.36859
765 0.373086
766 0.377556
767 0.381999
768 0.386416
769 0.390805
770 0.395166
771 0.399498
772 0.403802
773 0.408075
774 0.412319
775 0.416532
776 0.420714
777 0.424864
778 0.428982
779 0.433068
780 0.43712
781 0.441139
782 0.445123
783 0.449073
784 0.452987
785 0.456866
786 0.460709
787 0.464515
788 0.468285
789 0.472016
790 0.47571
791 0.479366
792 0.482982
793 0.48656
794 0.490097
795 0.493595
796 0.497051
797 0.500467
798 0.503842
799 0.507174
800 0.510465
801 0.513712
802 0.516917
803 0.520078
804 0.523195
805 0.526268
806 0.529297
807 0.53228
808 0.535219
809 0.538111
810 0.540957
811 0.543757
812 0.54651
813 0.549217
814 0.551875
815 0.554486
816 0.557049
817 0.559563
818 0.562028
819 0.564445
820 0.566812
821 0.569129
822 0.571397
823 0.573614
824 0.57578
825 0.577896
826 0.579961
827 0.581974
828 0.583936
829 0.585846
830 0.587703
831 0.589509
832 0.591261
833 0.592961
834 0.594608
835 0.596202
836 0.597742
837 0.599228
838 0.60066
839 0.602038
840 0.603362
841 0.604632
842 0.605847
843 0.607006
844 0.608111
845 0.609161
846 0.610155
847 0.611094
848 0.611977
849 0.612805
850 0.613576
851 0.614292
852 0.614951
853 0.615554
854 0.616101
855 0.616591
856 0.617025
857 0.617402
858 0.617722
859 0.617985
860 0.618191
861 0.618341
862 0.618433
863 0.618468
864 0.618447
865 0.618367
866 0.618231
867 0.618038
868 0.617787
869 0.617478
870 0.617113
871 0.61669
872 0.61621
873 0.615672
874 0.615078
875 0.614425
876 0.613716
877 0.612949
878 0.612126
879 0.611245
880 0.610306
881 0.609311
882 0.608259
883 0.60715
884 0.605984
885 0.604761
886 0.603481
887 0.602145
888 0.600752
889 0.599303
890 0.597797
891 0.596235
892 0.594617
893 0.592943
894 0.591214
895 0.589428
896 0.587587
897 0.58569
898 0.583739
899 0.581732
900 0.57967
901 0.577553
902 0.575381
903 0.573156
904 0.570876
905 0.568541
906 0.566153
907 0.563712
908 0.561216
909 0.558668
910 0.556066
911 0.553412
912 0.550705
913 0.547946
914 0.545135
915 0.542271
916 0.539356
917 0.53639
918 0.533373
919 0.530305
920 0.527186
921 0.524017
922 0.520798
923 0.517529
924 0.514211
925 0.510844
926 0.507428
927 0.503963
928 0.50045
929 0.496889
930 0.493281
931 0.489625
932 0.485923
933 0.482174
934 0.478378
935 0.474537
936 0.47065
937 0.466718
938 0.462741
939 0.45872
940 0.454655
941 0.450545
942 0.446393
943 0.442198
944 0.437959
945 0.433679
946 0.429357
947 0.424994
948 0.420589
949 0.416144
950 0.411659
951 0.407134
952 0.402569
953 0.397966
954 0.393324
955 0.388644
956 0.383926
957 0.379172
958 0.37438
959 0.369552
960 0.364689
961 0.359789
962 0.354855
963 0.349887
964 0.344884
965 0.339848
966 0.334778
967 0.329676
968 0.324542
969 0.319377
970 0.31418
971 0.308952
972 0.303694
973 0.298407
974 0.29309
975 0.287744
976 0.28237
977 0.276969
978 0.27154
979 0.266085
980 0.260603
981 0.255096
982 0.249563
983 0.244006
984 0.238425
985 0.23282
986 0.227193
987 0.221542
988 0.21587
989 0.210176
990 0.204461
991 0.198726
992 0.192971
993 0.187196
994 0.181403
995 0.175592
996 0.169763
997 0.163916
998 0.158054
999 0.152175
1000 0.146281
1001 0.140371
1002 0.134448
1003 0.128511
1004 0.12256
1005 0.116597
1006 0.110621
1007 0.104634
1008 0.0986364
1009 0.0926281
1010 0.0866099
1011 0.0805824
1012 0.0745462
1013 0.0685019
1014 0.06245
1015 0.0563911
1016 0.0503258
1017 0.0442546
1018 0.0381781
1019 0.032097
1020 0.0260117
1021 0.0199228
1022 0.0138309
1023 0.00773668
1024 0.00164059
1025 -0.00445676
1026 -0.0105548
1027 -0.0166529
1028 -0.0227506
1029 -0.0288472
1030 -0.0349421
1031 -0.0410349
1032 -0.0471249
1033 -0.0532116
1034 -0.0592943
1035 -0.0653725
1036 -0.0714456
1037 -0.0775131
1038 -0.0835744
1039 -0.0896289
1040 -0.095676
1041 -0.101715
1042 -0.107746
1043 -0.113767
1044 -0.119779
1045 -0.125781
1046 -0.131772
1047 -0.137751
1048 -0.143719
1049 -0.149674
1050 -0.155617
1051 -0.161545
1052 -0.167459
1053 -0.173359
1054 -0.179244
1055 -0.185112
1056 -0.190964
1057 -0.1968
1058 -0.202618
1059 -0.208417
1060 -0.214199
1061 -0.219961
1062 -0.225703
1063 -0.231425
1064 -0.237127
1065 -0.242807
1066 -0.248465
1067 -0.254101
1068 -0.259715
1069 -0.265304
1070 -0.27087
1071 -0.276412
1072 -0.281928
1073 -0.287419
1074 -0.292884
1075 -0.298322
1076 -0.303734
1077 -0.309118
1078 -0.314474
1079 -0.319801
1080 -0.325099
1081 -0.330368
1082 -0.335607
1083 -0.340815
1084 -0.345992
1085 -0.351138
1086 -0.356251
1087 -0.361333
1088 -0.366381
1089 -0.371396
1090 -0.376377
1091 -0.381324
1092 -0.386236
1093 -0.391113
1094 -0.395954
1095 -0.400759
1096 -0.405527
1097 -0.410259
1098 -0.414952
1099 -0.419608
1100 -0.424226
1101 -0.428805
1102 -0.433345
1103 -0.437845
1104 -0.442305
1105 -0.446724
1106 -0.451103
1107 -0.45544
1108 -0.459736
1109 -0.46399
1110 -0.468202
1111 -0.47237
1112 -0.476496
1113 -0.480577
1114 -0.484615
1115 -0.488609
1116 -0.492558
1117 -0.496461
1118 -0.50032
1119 -0.504133
1120 -0.507899
1121 -0.511619
1122 -0.515293
1123 -0.518919
1124 -0.522498
1125 -0.526029
1126 -0.529512
1127 -0.532946
1128 -0.536332
1129 -0.539669
1130 -0.542957
1131 -0.546195
1132 -0.549383
1133 -0.552521
1134 -0.555609
1135 -0.558646
1136 -0.561631
1137 -0.564566
1138 -0.567449
1139 -0.570281
1140 -0.57306
1141 -0.575787
1142 -0.578462
1143 -0.581084
1144 -0.583653
1145 -0.586169
1146 -0.588632
1147 -0.591041
1148 -0.593396
1149 -0.595698
1150 -0.597945
1151 -0.600138
1152 -0.602276
1153 -0.604359
1154 -0.606388
1155 -0.608362
1156 -0.61028
1157 -0.612144
1158 -0.613951
1159 -0.615703
1160 -0.617399
1161 -0.61904
1162 -0.620624
1163 -0.622152
1164 -0.623624
1165 -0.62504
1166 -0.626399
1167 -0.627701
1168 -0.628947
1169 -0.630137
1170 -0.631269
1171 -0.632344
1172 -0.633363
1173 -0.634324
1174 -0.635229
1175 -0.636076
1176 -0.636866
1177 -0.637599
1178 -0.638275
1179 -0.638894
1180 -0.639455
1181 -0.639959
1182 -0.640406
1183 -0.640795
1184 -0.641127
1185 -0.641402
1186 -0.64162
1187 -0.641781
1188 -0.641884
1189 -0.64193
1190 -0.641919
1191 -0.641851
1192 -0.641726
1193 -0.641544
1194 -0.641305
1195 -0.641009
1196 -0.640657
1197 -0.640247
1198 -0.639782
1199 -0.63926
1200 -0.638681
1201 -0.638046
1202 -0.637355
1203 -0.636608
1204 -0.635805
1205 -0.634947
1206 -0.634033
1207 -0.633063
1208 -0.632038
1209 -0.630957
1210 -0.629822
1211 -0.628632
1212 -0.627387
1213 -0.626087
1214 -0.624734
1215 -0.623326
1216 -0.621864
1217 -0.620349
1218 -0.618779
1219 -0.617157
1220 -0.615482
1221 -0.613753
1222 -0.611972
1223 -0.610139
1224 -0.608253
1225 -0.606316
1226 -0.604327
1227 -0.602286
1228 -0.600194
1229 -0.598052
1230 -0.595859
1231 -0.593615
1232 -0.591322
1233 -0.588979
1234 -0.586586
1235 -0.584144
1236 -0.581654
1237 -0.579115
1238 -0.576527
1239 -0.573892
1240 -0.57121
1241 -0.56848
1242 -0.565703
1243 -0.56288
1244 -0.56001
1245 -0.557095
1246 -0.554135
1247 -0.551129
1248 -0.548079
1249 -0.544984
1250 -0.541845
1251 -0.538663
1252 -0.535438
1253 -0.53217
1254 -0.528859
1255 -0.525507
1256 -0.522113
1257 -0.518678
1258 -0.515202
1259 -0.511686
1260 -0.50813
1261 -0.504534
1262 -0.5009
1263 -0.497227
1264 -0.493516
1265 -0.489768
1266 -0.485982
1267 -0.48216
1268 -0.478301
1269 -0.474407
1270 -0.470477
1271 -0.466513
1272 -0.462514
1273 -0.458481
1274 -0.454415
1275 -0.450317
1276 -0.446185
1277 -0.442023
1278 -0.437828
1279 -0.433603
1280 -0.429348
1281 -0.425062
1282 -0.420748
1283 -0.416405
1284 -0.412034
1285 -0.407635
1286 -0.403208
1287 -0.398756
1288 -0.394277
1289 -0.389773
1290 -0.385244
1291 -0.38069
1292 -0.376113
1293 -0.371512
1294 -0.366889
1295 -0.362244
1296 -0.357577
1297 -0.352889
1298 -0.348181
1299 -0.343453
1300 -0.338705
1301 -0.33394
1302 -0.329156
1303 -0.324354
1304 -0.319536
1305 -0.314702
1306 -0.309852
1307 -0.304986
1308 -0.300107
1309 -0.295213
1310 -0.290307
1311 -0.285388
1312 -0.280456
1313 -0.275514
1314 -0.27056
1315 -0.265597
1316 -0.260624
1317 -0.255642
1318 -0.250652
1319 -0.245654
1320 -0.240649
1321 -0.235638
1322 -0.230622
1323 -0.2256
1324 -0.220573
1325 -0.215543
1326 -0.21051
1327 -0.205474
1328 -0.200436
1329 -0.195397
1330 -0.190358
1331 -0.185318
1332 -0.18028
1333 -0.175242
1334 -0.170207
1335 -0.165174
1336 -0.160145
1337 -0.155119
1338 -0.150099
1339 -0.145083
1340 -0.140074
1341 -0.135071
1342 -0.130075
1343 -0.125087
1344 -0.120108
1345 -0.115138
1346 -0.110178
1347 -0.105228
1348 -0.10029
1349 -0.0953631
1350 -0.0904491
1351 -0.0855483
1352 -0.0806613
1353 -0.0757888
1354 -0.0709315
1355 -0.06609
1356 -0.0612649
1357 -0.056457
1358 -0.0516669
1359 -0.0468952
1360 -0.0421426
1361 -0.0374098
1362 -0.0326973
1363 -0.028006
1364 -0.0233363
1365 -0.0186891
1366 -0.0140648
1367 -0.00946421
1368 -0.00488794
1369 -0.000336631
1370 0.00418906
1371 0.00868849
1372 0.013161
1373 0.017606
1374 0.0220228
1375 0.0264108
1376 0.0307693
1377 0.0350977
1378 0.0393954
1379 0.0436617
1380 0.047896
1381 0.0520976
1382 0.056266
1383 0.0604006
1384 0.0645006
1385 0.0685655
1386 0.0725946
1387 0.0765874
1388 0.0805432
1389 0.0844614
1390 0.0883414
1391 0.0921826
1392 0.0959843
1393 0.0997461
1394 0.103467
1395 0.107147
1396 0.110785
1397 0.114381
1398 0.117934
1399 0.121443
1400 0.124908
1401 0.128328
1402 0.131703
1403 0.135032
1404 0.138315
1405 0.14155
1406 0.144738
1407 0.147878
1408 0.15097
1409 0.154011
1410 0.157004
1411 0.159945
1412 0.162836
1413 0.165676
1414 0.168463
1415 0.171198
1416 0.17388
1417 0.176508
1418 0.179083
1419 0.181603
1420 0.184067
1421 0.186476
1422 0.188829
1423 0.191126
1424 0.193365
1425 0.195547
1426 0.19767
1427 0.199735
1428 0.201741
1429 0.203688
1430 0.205575
1431 0.207401
1432 0.209166
1433 0.21087
1434 0.212512
1435 0.214092
1436 0.21561
1437 0.217064
1438 0.218454
1439 0.219781
1440 0.221044
1441 0.222241
1442 0.223374
1443 0.22444
1444 0.225441
1445 0.226376
1446 0.227243
1447 0.228044
1448 0.228777
1449 0.229442
1450 0.230039
1451 0.230567
1452 0.231026
1453 0.231416
1454 0.231736
1455 0.231986
1456 0.232166
1457 0.232276
1458 0.232314
1459 0.232281
1460 0.232176
1461 0.232
1462 0.231751
1463 0.23143
1464 0.231036
1465 0.230569
1466 0.230028
1467 0.229415
1468 0.228727
1469 0.227965
1470 0.227129
1471 0.226218
1472 0.225232
1473 0.224172
1474 0.223036
1475 0.221824
1476 0.220537
1477 0.219174
1478 0.217735
1479 0.21622
1480 0.214628
1481 0.212959
1482 0.211214
1483 0.209392
1484 0.207492
1485 0.205516
1486 0.203462
1487 0.20133
1488 0.199121
1489 0.196834
1490 0.194468
1491 0.192025
1492 0.189504
1493 0.186905
1494 0.184227
1495 0.181471
1496 0.178636
1497 0.175723
1498 0.172731
1499 0.169661
1500 0.166511
1501 0.163283
1502 0.159977
1503 0.156591
1504 0.153127
1505 0.149584
1506 0.145962
1507 0.142261
1508 0.138481
1509 0.134623
1510 0.130685
1511 0.126669
1512 0.122574
1513 0.118401
1514 0.114149
1515 0.109818
1516 0.105409
1517 0.100921
1518 0.0963551
1519 0.0917108
1520 0.0869884
1521 0.0821878
1522 0.0773093
1523 0.072353
1524 0.0673189
1525 0.0622072
1526 0.0570181
1527 0.0517517
1528 0.0464081
1529 0.0409874
1530 0.03549
1531 0.0299159
1532 0.0242652
1533 0.0185383
1534 0.0127353
1535 0.00685636
1536 0.000901725
1537 -0.00512839
1538 -0.0112338
1539 -0.0174142
1540 -0.0236694
1541 -0.0299991
1542 -0.0364032
1543 -0.0428813
1544 -0.0494331
1545 -0.0560585
1546 -0.0627571
1547 -0.0695286
1548 -0.0763728
1549 -0.0832894
1550 -0.0902779
1551 -0.0973382
1552 -0.10447
1553 -0.111673
1554 -0.118946
1555 -0.12629
1556 -0.133704
1557 -0.141188
1558 -0.148741
1559 -0.156363
1560 -0.164053
1561 -0.171812
1562 -0.179639
1563 -0.187533
1564 -0.195494
1565 -0.203522
1566 -0.211615
1567 -0.219775
1568 -0.228
1569 -0.23629
1570 -0.244644
1571 -0.253063
1572 -0.261545
1573 -0.27009
1574 -0.278697
1575 -0.287367
1576 -0.296099
1577 -0.304891
1578 -0.313745
1579 -0.322658
1580 -0.331632
1581 -0.340664
1582 -0.349755
1583 -0.358905
1584 -0.368111
1585 -0.377375
1586 -0.386696
1587 -0.396072
1588 -0.405504
1589 -0.414991
1590 -0.424532
1591 -0.434127
1592 -0.443775
1593 -0.453475
1594 -0.463227
1595 -0.473031
1596 -0.482886
1597 -0.49279
1598 -0.502745
1599 -0.512748
1600 -0.522799
1601 -0.532899
1602 -0.543045
1603 -0.553238
1604 -0.563476
1605 -0.573759
1606 -0.584087
1607 -0.594459
1608 -0.604874
1609 -0.615331
1610 -0.625831
1611 -0.636371
1612 -0.646951
1613 -0.657572
1614 -0.668231
1615 -0.678929
1616 -0.689664
1617 -0.700437
1618 -0.711245
1619 -0.722089
1620 -0.732968
1621 -0.74388
1622 -0.754826
1623 -0.765805
1624 -0.776815
1625 -0.787857
1626 -0.798928
1627 -0.81003
1628 -0.82116
1629 -0.832318
1630 -0.843503
1631 -0.854715
1632 -0.865953
1633 -0.877216
1634 -0.888502
1635 -0.899813
1636 -0.911145
1637 -0.9225
1638 -0.933876
1639 -0.945271
1640 -0.956686
1641 -0.96812
1642 -0.979572
1643 -0.99104
1644 -1.00253
1645 -1.01403
1646 -1.02554
1647 -1.03707
1648 -1.04861
1649 -1.06016
1650 -1.07173
1651 -1.0833
1652 -1.09489
1653 -1.10648
1654 -1.11808
1655 -1.12969
1656 -1.1413
1657 -1.15292
1658 -1.16454
1659 -1.17617
1660 -1.1878
1661 -1.19943
1662 -1.21106
1663 -1.2227
1664 -1.23433
1665 -1.24596
1666 -1.25759
1667 -1.26921
1668 -1.28083
1669 -1.29245
1670 -1.30406
1671 -1.31566
1672 -1.32725
1673 -1.33884
1674 -1.35041
1675 -1.36198
1676 -1.37354
1677 -1.38508
1678 -1.39661
1679 -1.40812
1680 -1.41962
1681 -1.43111
1682 -1.44258
1683 -1.45403
1684 -1.46546
1685 -1.47687
1686 -1.48827
1687 -1.49964
1688 -1.51099
1689 -1.52232
1690 -1.53362
1691 -1.5449
1692 -1.55615
1693 -1.56738
1694 -1.57858
1695 -1.58975
1696 -1.60089
1697 -1.61201
1698 -1.62309
1699 -1.63414
1700 -1.64515
1701 -1.65614
1702 -1.66709
1703 -1.678
1704 -1.68888
1705 -1.69972
1706 -1.71052
1707 -1.72128
1708 -1.73201
1709 -1.74269
1710 -1.75333
1711 -1.76393
1712 -1.77449
1713 -1.785
1714 -1.79547
1715 -1.80589
1716 -1.81626
1717 -1.82659
1718 -1.83687
1719 -1.84709
1720 -1.85727
1721 -1.8674
1722 -1.87748
1723 -1.8875
1724 -1.89747
1725 -1.90738
1726 -1.91724
1727 -1.92704
1728 -1.93679
1729 -1.94648
1730 -1.9561
1731 -1.96567
1732 -1.97518
1733 -1.98463
1734 -1.99402
1735 -2.00334
1736 -2.0126
1737 -2.02179
1738 -2.03092
1739 -2.03998
1740 -2.04898
1741 -2.05791
1742 -2.06677
1743 -2.07556
1744 -2.08428
1745 -2.09293
1746 -2.1015
1747 -2.11001
1748 -2.11844
1749 -2.1268
1750 -2.13508
1751 -2.14328
1752 -2.15141
1753 -2.15947
1754 -2.16744
1755 -2.17534
1756 -2.18315
1757 -2.19089
1758 -2.19855
1759 -2.20612
1760 -2.21361
1761 -2.22102
1762 -2.22835
1763 -2.23559
1764 -2.24274
1765 -2.24981
1766 -2.25679
1767 -2.26369
1768 -2.27049
1769 -2.27721
1770 -2.28384
1771 -2.29038
1772 -2.29683
1773 -2.30318
1774 -2.30945
1775 -2.31562
1776 -2.3217
1777 -2.32768
1778 -2.33357
1779 -2.33936
1780 -2.34506
1781 -2.35066
1782 -2.35617
1783 -2.36157
1784 -2.36688
1785 -2.37209
1786 -2.3772
1787 -2.38221
1788 -2.38712
1789 -2.39193
1790 -2.39663
1791 -2.40124
1792 -2.40574
1793 -2.41013
1794 -2.41443
1795 -2.41862
1796 -2.4227
1797 -2.42668
1798 -2.43055
1799 -2.43431
1800 -2.43797
1801 -2.44152
1802 -2.44496
1803 -2.4483
1804 -2.45152
1805 -2.45464
1806 -2.45764
1807 -2.46054
1808 -2.46332
1809 -2.46599
1810 -2.46855
1811 -2.471
1812 -2.47334
1813 -2.47556
1814 -2.47767
1815 -2.47966
1816 -2.48155
1817 -2.48331
1818 -2.48497
1819 -2.4865
1820 -2.48792
1821 -2.48923
1822 -2.49042
1823 -2.49149
1824 -2.49245
1825 -2.49328
1826 -2.494
1827 -2.49461
1828 -2.49509
1829 -2.49546
1830 -2.49571
1831 -2.49583
1832 -2.49584
1833 -2.49573
1834 -2.4955
1835 -2.49515
1836 -2.49468
1837 -2.49409
1838 -2.49338
1839 -2.49255
1840 -2.49159
1841 -2.49052
1842 -2.48932
1843 -2.488
1844 -2.48656
1845 -2.485
1846 -2.48332
1847 -2.48151
1848 -2.47958
1849 -2.47753
1850 -2.47536
1851 -2.47306
1852 -2.47064
1853 -2.4681
1854 -2.46544
1855 -2.46265
1856 -2.45974
1857 -2.4567
1858 -2.45354
1859 -2.45026
1860 -2.44686
1861 -2.44333
1862 -2.43968
1863 -2.43591
1864 -2.43201
1865 -2.42799
1866 -2.42384
1867 -2.41958
1868 -2.41518
1869 -2.41067
1870 -2.40603
1871 -2.40127
1872 -2.39639
1873 -2.39138
1874 -2.38625
1875 -2.381
1876 -2.37563
1877 -2.37013
1878 -2.36451
1879 -2.35877
1880 -2.3529
1881 -2.34692
1882 -2.34081
1883 -2.33458
1884 -2.32823
1885 -2.32176
1886 -2.31516
1887 -2.30845
1888 -2.30161
1889 -2.29465
1890 -2.28758
1891 -2.28038
1892 -2.27306
1893 -2.26563
1894 -2.25807
1895 -2.2504
1896 -2.2426
1897 -2.23469
1898 -2.22666
1899 -2.21851
1900 -2.21025
1901 -2.20186
1902 -2.19336
1903 -2.18475
1904 -2.17601
1905 -2.16716
1906 -2.1582
1907 -2.14912
1908 -2.13992
1909 -2.13061
1910 -2.12119
1911 -2.11165
1912 -2.102
1913 -2.09223
1914 -2.08236
1915 -2.07237
1916 -2.06227
1917 -2.05206
1918 -2.04173
1919 -2.0313
1920 -2.02076
1921 -2.0101
1922 -1.99934
1923 -1.98847
1924 -1.9775
1925 -1.96641
1926 -1.95522
1927 -1.94392
1928 -1.93252
1929 -1.92101
1930 -1.90939
1931 -1.89767
1932 -1.88585
1933 -1.87393
1934 -1.8619
1935 -1.84977
1936 -1.83754
1937 -1.8252
1938 -1.81277
1939 -1.80024
1940 -1.78761
1941 -1.77488
1942 -1.76205
1943 -1.74913
1944 -1.73611
1945 -1.72299
1946 -1.70978
1947 -1.69647
1948 -1.68307
1949 -1.66958
1950 -1.656
1951 -1.64232
1952 -1.62855
1953 -1.61469
1954 -1.60074
1955 -1.58671
1956 -1.57258
1957 -1.55837
1958 -1.54407
1959 -1.52968
1960 -1.51521
1961 -1.50066
1962 -1.48602
1963 -1.47129
1964 -1.45649
1965 -1.4416
1966 -1.42664
1967 -1.41159
1968 -1.39646
1969 -1.38126
1970 -1.36598
1971 -1.35062
1972 -1.33519
1973 -1.31968
1974 -1.30409
1975 -1.28844
1976 -1.27271
1977 -1.25691
1978 -1.24104
1979 -1.22509
1980 -1.20908
1981 -1.193
1982 -1.17686
1983 -1.16065
1984 -1.14437
1985 -1.12802
1986 -1.11162
1987 -1.09515
1988 -1.07861
1989 -1.06202
1990 -1.04537
1991 -1.02865
1992 -1.01188
1993 -0.995051
1994 -0.978166
1995 -0.961224
1996 -0.944228
1997 -0.927177
1998 -0.910074
1999 -0.892919
2000 -0.875713
2001 -0.858457
2002 -0.841152
2003 -0.823798
2004 -0.806398
2005 -0.788951
2006 -0.771459
2007 -0.753923
2008 -0.736343
2009 -0.718721
2010 -0.701058
2011 -0.683354
2012 -0.665611
2013 -0.647829
2014 -0.63001
2015 -0.612155
2016 -0.594264
2017 -0.576339
2018 -0.55838
2019 -0.540389
2020 -0.522367
2021 -0.504314
2022 -0.486231
2023 -0.468121
2024 -0.449983
2025 -0.431818
2026 -0.413629
2027 -0.395415
2028 -0.377177
2029 -0.358918
2030 -0.340637
2031 -0.322336
2032 -0.304016
2033 -0.285677
2034 -0.267322
2035 -0.24895
2036 -0.230564
2037 -0.212163
2038 -0.193749
2039 -0.175324
2040 -0.156887
2041 -0.138441
2042 -0.119986
2043 -0.101523
2044 -0.0830531
2045 -0.0645777
2046 -0.0460977
2047 -0.027614
2048 -0.0091277
2049 0.00936011
2050 0.0278484
2051 0.0463362
2052 0.0648223
2053 0.0833059
2054 0.101786
2055 0.120261
2056 0.13873
2057 0.157193
2058 0.175648
2059 0.194093
2060 0.212529
2061 0.230954
2062 0.249367
2063 0.267767
2064 0.286153
2065 0.304524
2066 0.322878
2067 0.341216
2068 0.359535
2069 0.377835
2070 0.396115
2071 0.414373
2072 0.432609
2073 0.450822
2074 0.46901
2075 0.487173
2076 0.50531
2077 0.523419
2078 0.541499
2079 0.559551
2080 0.577571
2081 0.59556
2082 0.613517
2083 0.63144
2084 0.649329
2085 0.667182
2086 0.684999
2087 0.702778
2088 0.720519
2089 0.73822
2090 0.755881
2091 0.773501
2092 0.791077
2093 0.808611
2094 0.8261
2095 0.843544
2096 0.860941
2097 0.878292
2098 0.895594
2099 0.912846
2100 0.930049
2101 0.9472
2102 0.9643
2103 0.981346
2104 0.998339
2105 1.01528
2106 1.03216
2107 1.04898
2108 1.06575
2109 1.08246
2110 1.09911
2111 1.1157
2112 1.13222
2113 1.14869
2114 1.16509
2115 1.18143
2116 1.1977
2117 1.21391
2118 1.23005
2119 1.24613
2120 1.26213
2121 1.27807
2122 1.29393
2123 1.30973
2124 1.32545
2125 1.3411
2126 1.35667
2127 1.37218
2128 1.3876
2129 1.40295
2130 1.41823
2131 1.43342
2132 1.44854
2133 1.46358
2134 1.47854
2135 1.49342
2136 1.50821
2137 1.52293
2138 1.53756
2139 1.5521
2140 1.56656
2141 1.58094
2142 1.59523
2143 1.60943
2144 1.62355
2145 1.63758
2146 1.65151
2147 1.66536
2148 1.67912
2149 1.69278
2150 1.70636
2151 1.71984
2152 1.73323
2153 1.74652
2154 1.75972
2155 1.77282
2156 1.78583
2157 1.79874
2158 1.81156
2159 1.82427
2160 1.83689
2161 1.84941
2162 1.86182
2163 1.87414
2164 1.88636
2165 1.89847
2166 1.91048
2167 1.92239
2168 1.9342
2169 1.9459
2170 1.9575
2171 1.96899
2172 1.98038
2173 1.99166
2174 2.00283
2175 2.0139
2176 2.02486
2177 2.03571
2178 2.04645
2179 2.05708
2180 2.06761
2181 2.07802
2182 2.08832
2183 2.09851
2184 2.10859
2185 2.11856
2186 2.12841
2187 2.13815
2188 2.14778
2189 2.1573
2190 2.1667
2191 2.17598
2192 2.18515
2193 2.19421
2194 2.20315
2195 2.21197
2196 2.22068
2197 2.22927
2198 2.23775
2199 2.2461
2200 2.25434
2201 2.26246
2202 2.27046
2203 2.27835
2204 2.28611
2205 2.29376
2206 2.30128
2207 2.30869
2208 2.31597
2209 2.32314
2210 2.33018
2211 2.33711
2212 2.34391
2213 2.35059
2214 2.35715
2215 2.36359
2216 2.36991
2217 2.3761
2218 2.38217
2219 2.38812
2220 2.39395
2221 2.39966
2222 2.40524
2223 2.4107
2224 2.41603
2225 2.42125
2226 2.42634
2227 2.4313
2228 2.43615
2229 2.44087
2230 2.44546
2231 2.44993
2232 2.45428
2233 2.45851
2234 2.46261
2235 2.46658
2236 2.47044
2237 2.47416
2238 2.47777
2239 2.48125
2240 2.48461
2241 2.48784
2242 2.49095
2243 2.49394
2244 2.4968
2245 2.49954
2246 2.50215
2247 2.50464
2248 2.50701
2249 2.50926
2250 2.51138
2251 2.51337
2252 2.51525
2253 2.517
2254 2.51863
2255 2.52013
2256 2.52152
2257 2.52278
2258 2.52392
2259 2.52494
2260 2.52583
2261 2.5266
2262 2.52726
2263 2.52779
2264 2.5282
2265 2.52848
2266 2.52865
2267 2.5287
2268 2.52863
2269 2.52843
2270 2.52812
2271 2.52769
2272 2.52714
2273 2.52647
2274 2.52568
2275 2.52477
2276 2.52375
2277 2.52261
2278 2.52135
2279 2.51997
2280 2.51848
2281 2.51687
2282 2.51514
2283 2.5133
2284 2.51135
2285 2.50928
2286 2.50709
2287 2.50479
2288 2.50238
2289 2.49985
2290 2.49722
2291 2.49446
2292 2.4916
2293 2.48863
2294 2.48554
2295 2.48234
2296 2.47904
2297 2.47562
2298 2.47209
2299 2.46846
2300 2.46471
2301 2.46086
2302 2.45691
2303 2.45284
2304 2.44867
2305 2.44439
2306 2.44001
2307 2.43552
2308 2.43093
2309 2.42624
2310 2.42144
2311 2.41654
2312 2.41153
2313 2.40643
2314 2.40122
2315 2.39592
2316 2.39051
2317 2.38501
2318 2.37941
2319 2.37371
2320 2.36791
2321 2.36201
2322 2.35602
2323 2.34994
2324 2.34376
2325 2.33748
2326 2.33111
2327 2.32465
2328 2.3181
2329 2.31146
2330 2.30472
2331 2.29789
2332 2.29098
2333 2.28398
2334 2.27688
2335 2.2697
2336 2.26244
2337 2.25509
2338 2.24765
2339 2.24013
2340 2.23252
2341 2.22483
2342 2.21706
2343 2.20921
2344 2.20127
2345 2.19326
2346 2.18517
2347 2.17699
2348 2.16874
2349 2.16042
2350 2.15201
2351 2.14353
2352 2.13498
2353 2.12635
2354 2.11765
2355 2.10888
2356 2.10003
2357 2.09111
2358 2.08213
2359 2.07307
2360 2.06395
2361 2.05475
2362 2.0455
2363 2.03617
2364 2.02678
2365 2.01733
2366 2.00781
2367 1.99823
2368 1.98858
2369 1.97888
2370 1.96911
2371 1.95929
2372 1.94941
2373 1.93947
2374 1.92947
2375 1.91942
2376 1.90931
2377 1.89914
2378 1.88893
2379 1.87866
2380 1.86834
2381 1.85797
2382 1.84754
2383 1.83707
2384 1.82655
2385 1.81599
2386 1.80537
2387 1.79472
2388 1.78401
2389 1.77326
2390 1.76247
2391 1.75164
2392 1.74077
2393 1.72985
2394 1.7189
2395 1.70791
2396 1.69688
2397 1.68581
2398 1.67471
2399 1.66357
2400 1.65239
2401 1.64119
2402 1.62995
2403 1.61868
2404 1.60738
2405 1.59605
2406 1.58469
2407 1.57331
2408 1.56189
2409 1.55045
2410 1.53899
2411 1.5275
2412 1.51599
2413 1.50445
2414 1.4929
2415 1.48132
2416 1.46972
2417 1.45811
2418 1.44647
2419 1.43482
2420 1.42315
2421 1.41147
2422 1.39977
2423 1.38806
2424 1.37634
2425 1.3646
2426 1.35286
2427 1.3411
2428 1.32934
2429 1.31756
2430 1.30578
2431 1.29399
2432 1.2822
2433 1.2704
2434 1.2586
2435 1.2468
2436 1.23499
2437 1.22318
2438 1.21137
2439 1.19957
2440 1.18776
2441 1.17596
2442 1.16416
2443 1.15236
2444 1.14057
2445 1.12878
2446 1.117
2447 1.10523
2448 1.09347
2449 1.08171
2450 1.06997
2451 1.05823
2452 1.04651
2453 1.0348
2454 1.02311
2455 1.01142
2456 0.999756
2457 0.988104
2458 0.97647
2459 0.964852
2460 0.953253
2461 0.941674
2462 0.930114
2463 0.918574
2464 0.907057
2465 0.895561
2466 0.884089
2467 0.87264
2468 0.861216
2469 0.849818
2470 0.838446
2471 0.827101
2472 0.815784
2473 0.804495
2474 0.793236
2475 0.782007
2476 0.770808
2477 0.759641
2478 0.748507
2479 0.737406
2480 0.726338
2481 0.715305
2482 0.704308
2483 0.693346
2484 0.682421
2485 0.671534
2486 0.660685
2487 0.649874
2488 0.639104
2489 0.628373
2490 0.617684
2491 0.607036
2492 0.59643
2493 0.585868
2494 0.575349
2495 0.564875
2496 0.554446
2497 0.544062
2498 0.533725
2499 0.523435
2500 0.513192
2501 0.502998
2502 0.492852
2503 0.482756
2504 0.472711
2505 0.462716
2506 0.452772
2507 0.44288
2508 0.433041
2509 0.423255
2510 0.413523
2511 0.403845
2512 0.394222
2513 0.384655
2514 0.375143
2515 0.365688
2516 0.356291
2517 0.34695
2518 0.337669
2519 0.328446
2520 0.319282
2521 0.310178
2522 0.301134
2523 0.292151
2524 0.28323
2525 0.27437
2526 0.265572
2527 0.256838
2528 0.248166
2529 0.239559
2530 0.231015
2531 0.222536
2532 0.214123
2533 0.205775
2534 0.197492
2535 0.189277
2536 0.181128
2537 0.173046
2538 0.165032
2539 0.157086
2540 0.149209
2541 0.1414
2542 0.13366
2543 0.125991
2544 0.118391
2545 0.110861
2546 0.103403
2547 0.0960148
2548 0.0886984
2549 0.0814538
2550 0.0742812
2551 0.067181
2552 0.0601534
2553 0.0531989
2554 0.0463177
2555 0.03951
2556 0.0327762
2557 0.0261166
2558 0.0195314
2559 0.0130209
2560 0.00658539
2561 0.000225039
2562 -0.00605986
2563 -0.0122691
2564 -0.0184024
2565 -0.0244596
2566 -0.0304404
2567 -0.0363447
2568 -0.0421722
2569 -0.0479227
2570 -0.0535961
2571 -0.0591922
2572 -0.0647108
2573 -0.0701518
2574 -0.0755149
2575 -0.0808
2576 -0.0860071
2577 -0.0911359
2578 -0.0961863
2579 -0.101158
2580 -0.106052
2581 -0.110866
2582 -0.115602
2583 -0.120259
2584 -0.124836
2585 -0.129335
2586 -0.133755
2587 -0.138095
2588 -0.142356
2589 -0.146538
2590 -0.15064
2591 -0.154663
2592 -0.158607
2593 -0.162471
2594 -0.166255
2595 -0.16996
2596 -0.173586
2597 -0.177132
2598 -0.180599
2599 -0.183986
2600 -0.187294
2601 -0.190522
2602 -0.193671
2603 -0.196741
2604 -0.199731
2605 -0.202642
2606 -0.205475
2607 -0.208228
2608 -0.210902
2609 -0.213497
2610 -0.216014
2611 -0.218452
2612 -0.220811
2613 -0.223092
2614 -0.225294
2615 -0.227419
2616 -0.229465
2617 -0.231433
2618 -0.233324
2619 -0.235137
2620 -0.236873
2621 -0.238531
2622 -0.240112
2623 -0.241617
2624 -0.243044
2625 -0.244395
2626 -0.24567
2627 -0.246869
2628 -0.247992
2629 -0.249039
2630 -0.250011
2631 -0.250907
2632 -0.251729
2633 -0.252476
2634 -0.253148
2635 -0.253746
2636 -0.254271
2637 -0.254721
2638 -0.255099
2639 -0.255403
2640 -0.255634
2641 -0.255793
2642 -0.25588
2643 -0.255894
2644 -0.255838
2645 -0.25571
2646 -0.255511
2647 -0.255241
2648 -0.254901
2649 -0.254492
2650 -0.254012
2651 -0.253464
2652 -0.252847
2653 -0.252161
2654 -0.251407
2655 -0.250585
2656 -0.249696
2657 -0.248741
2658 -0.247718
2659 -0.246629
2660 -0.245475
2661 -0.244255
2662 -0.242971
2663 -0.241621
2664 -0.240208
2665 -0.238731
2666 -0.237191
2667 -0.235588
2668 -0.233923
2669 -0.232196
2670 -0.230407
2671 -0.228557
2672 -0.226647
2673 -0.224677
2674 -0.222648
2675 -0.220559
2676 -0.218411
2677 -0.216206
2678 -0.213943
2679 -0.211623
2680 -0.209246
2681 -0.206813
2682 -0.204324
2683 -0.20178
2684 -0.199182
2685 -0.19653
2686 -0.193824
2687 -0.191065
2688 -0.188253
2689 -0.18539
2690 -0.182475
2691 -0.17951
2692 -0.176494
2693 -0.173428
2694 -0.170313
2695 -0.16715
2696 -0.163938
2697 -0.160679
2698 -0.157373
2699 -0.15402
2700 -0.150622
2701 -0.147179
2702 -0.14369
2703 -0.140158
2704 -0.136583
2705 -0.132964
2706 -0.129303
2707 -0.125601
2708 -0.121857
2709 -0.118073
2710 -0.114249
2711 -0.110386
2712 -0.106484
2713 -0.102544
2714 -0.0985671
2715 -0.094553
2716 -0.0905026
2717 -0.0864167
2718 -0.0822958
2719 -0.0781406
2720 -0.0739517
2721 -0.0697297
2722 -0.0654753
2723 -0.0611891
2724 -0.0568717
2725 -0.0525238
2726 -0.048146
2727 -0.0437389
2728 -0.0393033
2729 -0.0348396
2730 -0.0303487
2731 -0.0258311
2732 -0.0212874
2733 -0.0167184
2734 -0.0121247
2735 -0.00750684
2736 -0.0028656
2737 0.0017984
2738 0.00648452
2739 0.0111921
2740 0.0159205
2741 0.020669
2742 0.025437
2743 0.0302238
2744 0.0350288
2745 0.0398513
2746 0.0446906
2747 0.0495462
2748 0.0544172
2749 0.0593031
2750 0.0642033
2751 0.0691169
2752 0.0740435
2753 0.0789823
2754 0.0839326
2755 0.0888938
2756 0.0938653
2757 0.0988463
2758 0.103836
2759 0.108834
2760 0.11384
2761 0.118853
2762 0.123872
2763 0.128896
2764 0.133926
2765 0.13896
2766 0.143997
2767 0.149038
2768 0.154081
2769 0.159125
2770 0.164171
2771 0.169217
2772 0.174262
2773 0.179307
2774 0.18435
2775 0.189391
2776 0.194429
2777 0.199463
2778 0.204494
2779 0.209519
2780 0.214539
2781 0.219553
2782 0.224561
2783 0.229561
2784 0.234553
2785 0.239536
2786 0.24451
2787 0.249474
2788 0.254428
2789 0.259371
2790 0.264302
2791 0.269221
2792 0.274126
2793 0.279018
2794 0.283896
2795 0.288759
2796 0.293607
2797 0.298439
2798 0.303254
2799 0.308051
2800 0.312831
2801 0.317593
2802 0.322336
2803 0.327059
2804 0.331762
2805 0.336444
2806 0.341105
2807 0.345744
2808 0.35036
2809 0.354954
2810 0.359523
2811 0.364069
2812 0.36859
2813 0.373086
2814 0.377556
2815 0.381999
2816 0.386416
2817 0.390805
2818 0.395166
2819 0.399498
2820 0.403802
2821 0.408075
2822 0.412319
2823 0.416532
2824 0.420714
2825 0.424864
2826 0.428982
2827 0.433068
2828 0.43712
2829 0.441139
2830 0.445123
2831 0.449073
2832 0.452987
2833 0.456866
2834 0.460709
2835 0.464515
2836 0.468285
2837 0.472016
2838 0.47571
2839 0.479366
2840 0.482982
2841 0.48656
2842 0.490097
2843 0.493595
2844 0.497051
2845 0.500467
2846 0.503842
2847 0.507174
2848 0.510465
2849 0.513712
2850 0.516917
2851 0.520078
2852 0.523195
2853 0.526268
2854 0.529297
2855 0.53228
2856 0.535219
2857 0.538111
2858 0.540957
2859 0.543757
2860 0.54651
2861 0.549217
2862 0.551875
2863 0.554486
2864 0.557049
2865 0.559563
2866 0.562028
2867 0.564445
2868 0.566812
2869 0.569129
2870 0.571397
2871 0.573614
2872 0.57578
2873 0.577896
2874 0.579961
2875 0.581974
2876 0.583936
2877 0.585846
2878 0.587703
2879 0.589509
2880 0.591261
2881 0.592961
2882 0.594608
2883 0.596202
2884 0.597742
2885 0.599228
2886 0.60066
2887 0.602038
2888 0.603362
2889 0.604632
2890 0.605847
2891 0.607006
2892 0.608111
2893 0.609161
2894 0.610155
2895 0.611094
2896 0.611977
2897 0.612805
2898 0.613576
2899 0.614292
2900 0.614951
2901 0.615554
2902 0.616101
2903 0.616591
2904 0.617025
2905 0.617402
2906 0.617722
2907 0.617985
2908 0.618191
2909 0.618341
2910 0.618433
2911 0.618468
2912 0.618447
2913 0.618367
2914 0.618231
2915 0.618038
2916 0.617787
2917 0.617478
2918 0.617113
2919 0.61669
2920 0.61621
2921 0.615672
2922 0.615078
2923 0.614425
2924 0.613716
2925 0.612949
2926 0.612126
2927 0.611245
2928 0.610306
2929 0.609311
2930 0.608259
2931 0.60715
2932 0.605984
2933 0.604761
2934 0.603481
2935 0.602145
2936 0.600752
2937 0.599303
2938 0.597797
2939 0.596235
2940 0.594617
2941 0.592943
2942 0.591214
2943 0.589428
2944 0.587587
2945 0.58569
2946 0.583739
2947 0.581732
2948 0.57967
2949 0.577553
2950 0.575381
2951 0.573156
2952 0.570876
2953 0.568541
2954 0.566153
2955 0.563712
2956 0.561216
2957 0.558668
2958 0.556066
2959 0.553412
2960 0.550705
2961 0.547946
2962 0.545135
2963 0.542271
2964 0.539356
2965 0.53639
2966 0.533373
2967 0.530305
2968 0.527186
2969 0.524017
2970 0.520798
2971 0.517529
2972 0.514211
2973 0.510844
2974 0.507428
2975 0.503963
2976 0.50045
2977 0.496889
2978 0.493281
2979 0.489625
2980 0.485923
2981 0.482174
2982 0.478378
2983 0.474537
2984 0.47065
2985 0.466718
2986 0.462741
2987 0.45872
2988 0.454655
2989 0.450545
2990 0.446393
2991 0.442198
2992 0.437959
2993 0.433679
2994 0.429357
2995 0.424994
2996 0.420589
2997 0.416144
2998 0.411659
2999 0.407134
3000 0.402569
3001 0.397966
3002 0.393324
3003 0.388644
3004 0.383926
3005 0.379172
3006 0.37438
3007 0.369552
3008 0.364689
3009 0.359789
3010 0.354855
3011 0.349887
3012 0.344884
3013 0.339848
3014 0.334778
3015 0.329676
3016 0.324542
3017 0.319377
3018 0.31418
3019 0.308952
3020 0.303694
3021 0.298407
3022 0.29309
3023 0.287744
3024 0.28237
3025 0.276969
3026 0.27154
3027 0.266085
3028 0.260603
3029 0.255096
3030 0.249563
3031 0.244006
3032 0.238425
3033 0.23282
3034 0.227193
3035 0.221542
3036 0.21587
3037 0.210176
3038 0.204461
3039 0.198726
3040 0.192971
3041 0.187196
3042 0.181403
3043 0.175592
3044 0.169763
3045 0.163916
3046 0.158054
3047 0.152175
3048 0.146281
3049 0.140371
3050 0.134448
3051 0.128511
3052 0.12256
3053 0.116597
3054 0.110621
3055 0.104634
3056 0.0986364
3057 0.0926281
3058 0.0866099
3059 0.0805824
3060 0.0745462
3061 0.0685019
3062 0.06245
3063 0.0563911
3064 0.0503258
3065 0.0442546
3066 0.0381781
3067 0.032097
3068 0.0260117
3069 0.0199228
3070 0.0138309
3071 0.00773668
3072 0.00164059
3073 -0.00445676
3074 -0.0105548
3075 -0.0166529
3076 -0.0227506
3077 -0.0288472
3078 -0.0349421
3079 -0.0410349
3080 -0.0471249
3081 -0.0532116
3082 -0.0592943
3083 -0.0653725
3084 -0.0714456
3085 -0.0775131
3086 -0.0835744
3087 -0.0896289
3088 -0.095676
3089 -0.101715
3090 -0.107746
3091 -0.113767
3092 -0.119779
3093 -0.125781
3094 -0.131772
3095 -0.137751
3096 -0.143719
3097 -0.149674
3098 -0.155617
3099 -0.161545
3100 -0.167459
3101 -0.173359
3102 -0.179244
3103 -0.185112
3104 -0.190964
3105 -0.1968
3106 -0.202618
3107 -0.208417
3108 -0.214199
3109 -0.219961
3110 -0.225703
3111 -0.231425
3112 -0.237127
3113 -0.242807
3114 -0.248465
3115 -0.254101
3116 -0.259715
3117 -0.265304
3118 -0.27087
3119 -0.276412
3120 -0.281928
3121 -0.287419
3122 -0.292884
3123 -0.298322
3124 -0.303734
3125 -0.309118
3126 -0.314474
3127 -0.319801
3128 -0.325099
3129 -0.330368
3130 -0.335607
3131 -0.340815
3132 -0.345992
3133 -0.351138
3134 -0.356251
3135 -0.361333
3136 -0.366381
3137 -0.371396
3138 -0.376377
3139 -0.381324
3140 -0.386236
3141 -0.391113
3142 -0.395954
3143 -0.400759
3144 -0.405527
3145 -0.410259
3146 -0.414952
3147 -0.419608
3148 -0.424226
3149 -0.428805
3150 -0.433345
3151 -0.437845
3152 -0.442305
3153 -0.446724
3154 -0.451103
3155 -0.45544
3156 -0.459736
3157 -0.46399
3158 -0.468202
3159 -0.47237
3160 -0.476496
3161 -0.480577
3162 -0.484615
3163 -0.488609
3164 -0.492558
3165 -0.496461
3166 -0.50032
3167 -0.504133
3168 -0.507899
3169 -0.511619
3170 -0.515293
3171 -0.518919
3172 -0.522498
3173 -0.526029
3174 -0.529512
3175 -0.532946
3176 -0.536332
3177 -0.539669
3178 -0.542957
3179 -0.546195
3180 -0.549383
3181 -0.552521
3182 -0.555609
3183 -0.558646
3184 -0.561631
3185 -0.564566
3186 -0.567449
3187 -0.570281
3188 -0.57306
3189 -0.575787
3190 -0.578462
3191 -0.581084
3192 -0.583653
3193 -0.586169
3194 -0.588632
3195 -0.591041
3196 -0.593396
3197 -0.595698
3198 -0.597945
3199 -0.600138
3200 -0.602276
3201 -0.604359
3202 -0.606388
3203 -0.608362
3204 -0.61028
3205 -0.612144
3206 -0.613951
3207 -0.615703
3208 -0.617399
3209 -0.61904
3210 -0.620624
3211 -0.622152
3212 -0.623624
3213 -0.62504
3214 -0.626399
3215 -0.627701
3216 -0.628947
3217 -0.630137
3218 -0.631269
3219 -0.632344
3220 -0.633363
3221 -0.634324
3222 -0.635229
3223 -0.636076
3224 -0.636866
3225 -0.637599
3226 -0.638275
3227 -0.638894
3228 -0.639455
3229 -0.639959
3230 -0.640406
3231 -0.640795
3232 -0.641127
3233 -0.641402
3234 -0.64162
3235 -0.641781
3236 -0.641884
3237 -0.64193
3238 -0.641919
3239 -0.641851
3240 -0.641726
3241 -0.641544
3242 -0.641305
3243 -0.641009
3244 -0.640657
3245 -0.640247
3246 -0.639782
3247 -0.63926
3248 -0.638681
3249 -0.638046
3250 -0.637355
3251 -0.636608
3252 -0.635805
3253 -0.634947
3254 -0.634033
3255 -0.633063
3256 -0.632038
3257 -0.630957
3258 -0.629822
3259 -0.628632
3260 -0.627387
3261 -0.626087
3262 -0.624734
3263 -0.623326
3264 -0.621864
3265 -0.620349
3266 -0.618779
3267 -0.617157
3268 -0.615482
3269 -0.613753
3270 -0.611972
3271 -0.610139
3272 -0.608253
3273 -0.606316
3274 -0.604327
3275 -0.602286
3276 -0.600194
3277 -0.598052
3278 -0.595859
3279 -0.593615
3280 -0.591322
3281 -0.588979
3282 -0.586586
3283 -0.584144
3284 -0.581654
3285 -0.579115
3286 -0.576527
3287 -0.573892
3288 -0.57121
3289 -0.56848
3290 -0.565703
3291 -0.56288
3292 -0.56001
3293 -0.557095
3294 -0.554135
3295 -0.551129
3296 -0.548079
3297 -0.544984
3298 -0.541845
3299 -0.538663
3300 -0.535438
3301 -0.53217
3302 -0.528859
3303 -0.525507
3304 -0.522113
3305 -0.518678
3306 -0.515202
3307 -0.511686
3308 -0.50813
3309 -0.504534
3310 -0.5009
3311 -0.497227
3312 -0.493516
3313 -0.489768
3314 -0.485982
3315 -0.48216
3316 -0.478301
3317 -0.474407
3318 -0.470477
3319 -0.466513
3320 -0.462514
3321 -0.458481
3322 -0.454415
3323 -0.450317
3324 -0.446185
3325 -0.442023
3326 -0.437828
3327 -0.433603
3328 -0.429348
3329 -0.425062
3330 -0.420748
3331 -0.416405
3332 -0.412034
3333 -0.407635
3334 -0.403208
3335 -0.398756
3336 -0.394277
3337 -0.389773
3338 -0.385244
3339 -0.38069
3340 -0.376113
3341 -0.371512
3342 -0.366889
3343 -0.362244
3344 -0.357577
3345 -0.352889
3346 -0.348181
3347 -0.343453
3348 -0.338705
3349 -0.33394
3350 -0.329156
3351 -0.324354
3352 -0.319536
3353 -0.314702
3354 -0.309852
3355 -0.304986
3356 -0.300107
3357 -0.295213
3358 -0.290307
3359 -0.285388
3360 -0.280456
3361 -0.275514
3362 -0.27056
3363 -0.265597
3364 -0.260624
3365 -0.255642
3366 -0.250652
3367 -0.245654
3368 -0.240649
3369 -0.235638
3370 -0.230622
3371 -0.2256
3372 -0.220573
3373 -0.215543
3374 -0.21051
3375 -0.205474
3376 -0.200436
3377 -0.195397
3378 -0.190358
3379 -0.185318
3380 -0.18028
3381 -0.175242
3382 -0.170207
3383 -0.165174
3384 -0.160145
3385 -0.155119
3386 -0.150099
3387 -0.145083
3388 -0.140074
3389 -0.135071
3390 -0.130075
3391 -0.125087
3392 -0.120108
3393 -0.115138
3394 -0.110178
3395 -0.105228
3396 -0.10029
3397 -0.0953631
3398 -0.0904491
3399 -0.0855483
3400 -0.0806613
3401 -0.0757888
3402 -0.0709315
3403 -0.06609
3404 -0.0612649
3405 -0.056457
3406 -0.0516669
3407 -0.0468952
3408 -0.0421426
3409 -0.0374098
3410 -0.0326973
3411 -0.028006
3412 -0.0233363
3413 -0.0186891
3414 -0.0140648
3415 -0.00946421
3416 -0.00488794
3417 -0.000336631
3418 0.00418906
3419 0.00868849
3420 0.013161
3421 0.017606
3422 0.0220228
3423 0.0264108
3424 0.0307693
3425 0.0350977
3426 0.0393954
3427 0.0436617
3428 0.047896
3429 0.0520976
3430 0.056266
3431 0.0604006
3432 0.0645006
3433 0.0685655
3434 0.0725946
3435 0.0765874
3436 0.0805432
3437 0.0844614
3438 0.0883414
3439 0.0921826
3440 0.0959843
3441 0.0997461
3442 0.103467
3443 0.107147
3444 0.110785
3445 0.114381
3446 0.117934
3447 0.121443
3448 0.124908
3449 0.128328
3450 0.131703
3451 0.135032
3452 0.138315
3453 0.14155
3454 0.144738
3455 0.147878
3456 0.15097
3457 0.154011
3458 0.157004
3459 0.159945
3460 0.162836
3461 0.165676
3462 0.168463
3463 0.171198
3464 0.17388
3465 0.176508
3466 0.179083
3467 0.181603
3468 0.184067
3469 0.186476
3470 0.188829
3471 0.191126
3472 0.193365
3473 0.195547
3474 0.19767
3475 0.199735
3476 0.201741
3477 0.203688
3478 0.205575
3479 0.207401
3480 0.209166
3481 0.21087
3482 0.212512
3483 0.214092
3484 0.21561
3485 0.217064
3486 0.218454
3487 0.219781
3488 0.221044
3489 0.222241
3490 0.223374
3491 0.22444
3492 0.225441
3493 0.226376
3494 0.227243
3495 0.228044
3496 0.228777
3497 0.229442
3498 0.230039
3499 0.230567
3500 0.231026
3501 0.231416
3502 0.231736
3503 0.231986
3504 0.232166
3505 0.232276
3506 0.232314
3507 0.232281
3508 0.232176
3509 0.232
3510 0.231751
3511 0.23143
3512 0.231036
3513 0.230569
3514 0.230028
3515 0.229415
3516 0.228727
3517 0.227965
3518 0.227129
3519 0.226218
3520 0.225232
3521 0.224172
3522 0.223036
3523 0.221824
3524 0.220537
3525 0.219174
3526 0.217735
3527 0.21622
3528 0.214628
3529 0.212959
3530 0.211214
3531 0.209392
3532 0.207492
3533 0.205516
3534 0.203462
3535 0.20133
3536 0.199121
3537 0.196834
3538 0.194468
3539 0.192025
3540 0.189504
3541 0.186905
3542 0.184227
3543 0.181471
3544 0.178636
3545 0.175723
3546 0.172731
3547 0.169661
3548 0.166511
3549 0.163283
3550 0.159977
3551 0.156591
3552 0.153127
3553 0.149584
3554 0.145962
3555 0.142261
3556 0.138481
3557 0.134623
3558 0.130685
3559 0.126669
3560 0.122574
3561 0.118401
3562 0.114149
3563 0.109818
3564 0.105409
3565 0.100921
3566 0.0963551
3567 0.0917108
3568 0.0869884
3569 0.0821878
3570 0.0773093
3571 0.072353
3572 0.0673189
3573 0.0622072
3574 0.0570181
3575 0.0517517
3576 0.0464081
3577 0.0409874
3578 0.03549
3579 0.0299159
3580 0.0242652
3581 0.0185383
3582 0.0127353
3583 0.00685636
3584 0.000901725
3585 -0.00512839
3586 -0.0112338
3587 -0.0174142
3588 -0.0236694
3589 -0.0299991
3590 -0.0364032
3591 -0.0428813
3592 -0.0494331
3593 -0.0560585
3594 -0.0627571
3595 -0.0695286
3596 -0.0763728
3597 -0.0832894
3598 -0.0902779
3599 -0.0973382
3600 -0.10447
3601 -0.111673
3602 -0.118946
3603 -0.12629
3604 -0.133704
3605 -0.141188
3606 -0.148741
3607 -0.156363
3608 -0.164053
3609 -0.171812
3610 -0.179639
3611 -0.187533
3612 -0.195494
3613 -0.203522
3614 -0.211615
3615 -0.219775
3616 -0.228
3617 -0.23629
3618 -0.244644
3619 -0.253063
3620 -0.261545
3621 -0.27009
3622 -0.278697
3623 -0.287367
3624 -0.296099
3625 -0.304891
3626 -0.313745
3627 -0.322658
3628 -0.331632
3629 -0.340664
3630 -0.349755
3631 -0.358905
3632 -0.368111
3633 -0.377375
3634 -0.386696
3635 -0.396072
3636 -0.405504
3637 -0.414991
3638 -0.424532
3639 -0.434127
3640 -0.443775
3641 -0.453475
3642 -0.463227
3643 -0.473031
3644 -0.482886
3645 -0.49279
3646 -0.502745
3647 -0.512748
3648 -0.522799
3649 -0.532899
3650 -0.543045
3651 -0.553238
3652 -0.563476
3653 -0.573759
3654 -0.584087
3655 -0.594459
3656 -0.604874
3657 -0.615331
3658 -0.625831
3659 -0.636371
3660 -0.646951
3661 -0.657572
3662 -0.668231
3663 -0.678929
3664 -0.689664
3665 -0.700437
3666 -0.711245
3667 -0.722089
3668 -0.732968
3669 -0.74388
3670 -0.754826
3671 -0.765805
3672 -0.776815
3673 -0.787857
3674 -0.798928
3675 -0.81003
3676 -0.82116
3677 -0.832318
3678 -0.843503
3679 -0.854715
3680 -0.865953
3681 -0.877216
3682 -0.888502
3683 -0.899813
3684 -0.911145
3685 -0.9225
3686 -0.933876
3687 -0.945271
3688 -0.956686
3689 -0.96812
3690 -0.979572
3691 -0.99104
3692 -1.00253
3693 -1.01403
3694 -1.02554
3695 -1.03707
3696 -1.04861
3697 -1.06016
3698 -1.07173
3699 -1.0833
3700 -1.09489
3701 -1.10648
3702 -1.11808
3703 -1.12969
3704 -1.1413
3705 -1.15292
3706 -1.16454
3707 -1.17617
3708 -1.1878
3709 -1.19943
3710 -1.21106
3711 -1.2227
3712 -1.23433
3713 -1.24596
3714 -1.25759
3715 -1.26921
3716 -1.28083
3717 -1.29245
3718 -1.30406
3719 -1.31566
3720 -1.32725
3721 -1.33884
3722 -1.35041
3723 -1.36198
3724 -1.37354
3725 -1.38508
3726 -1.39661
3727 -1.40812
3728 -1.41962
3729 -1.43111
3730 -1.44258
3731 -1.45403
3732 -1.46546
3733 -1.47687
3734 -1.48827
3735 -1.49964
3736 -1.51099
3737 -1.52232
3738 -1.53362
3739 -1.5449
3740 -1.55615
3741 -1.56738
3742 -1.57858
3743 -1.58975
3744 -1.60089
3745 -1.61201
3746 -1.62309
3747 -1.63414
3748 -1.64515
3749 -1.65614
3750 -1.66709
3751 -1.678
3752 -1.68888
3753 -1.69972
3754 -1.71052
3755 -1.72128
3756 -1.73201
3757 -1.74269
3758 -1.75333
3759 -1.76393
3760 -1.77449
3761 -1.785
3762 -1.79547
3763 -1.80589
3764 -1.81626
3765 -1.82659
3766 -1.83687
3767 -1.84709
3768 -1.85727
3769 -1.8674
3770 -1.87748
3771 -1.8875
3772 -1.89747
3773 -1.90738
3774 -1.91724
3775 -1.92704
3776 -1.93679
3777 -1.94648
3778 -1.9561
3779 -1.96567
3780 -1.97518
3781 -1.98463
3782 -1.99402
3783 -2.00334
3784 -2.0126
3785 -2.02179
3786 -2.03092
3787 -2.03998
3788 -2.04898
3789 -2.05791
3790 -2.06677
3791 -2.07556
3792 -2.08428
3793 -2.09293
3794 -2.1015
3795 -2.11001
3796 -2.11844
3797 -2.1268
3798 -2.13508
3799 -2.14328
3800 -2.15141
3801 -2.15947
3802 -2.16744
3803 -2.17534
3804 -2.18315
3805 -2.19089
3806 -2.19855
3807 -2.20612
3808 -2.21361
3809 -2.22102
3810 -2.22835
3811 -2.23559
3812 -2.24274
3813 -2.24981
3814 -2.25679
3815 -2.26369
3816 -2.27049
3817 -2.27721
3818 -2.28384
3819 -2.29038
3820 -2.29683
3821 -2.30318
3822 -2.30945
3823 -2.31562
3824 -2.3217
3825 -2.32768
3826 -2.33357
3827 -2.33936
3828 -2.34506
3829 -2.35066
3830 -2.35617
3831 -2.36157
3832 -2.36688
3833 -2.37209
3834 -2.3772
3835 -2.38221
3836 -2.38712
3837 -2.39193
3838 -2.39663
3839 -2.40124
3840 -2.40574
3841 -2.41013
3842 -2.41443
3843 -2.41862
3844 -2.4227
3845 -2.42668
3846 -2.43055
3847 -2.43431
3848 -2.43797
3849 -2.44152
3850 -2.44496
3851 -2.4483
3852 -2.45152
3853 -2.45464
3854 -2.45764
3855 -2.46054
3856 -2.46332
3857 -2.46599
3858 -2.46855
3859 -2.471
3860 -2.47334
3861 -2.47556
3862 -2.47767
3863 -2.47966
3864 -2.48155
3865 -2.48331
3866 -2.48497
3867 -2.4865
3868 -2.48792
3869 -2.48923
3870 -2.49042
3871 -2.49149
3872 -2.49245
3873 -2.49328
3874 -2.494
3875 -2.49461
3876 -2.49509
3877 -2.49546
3878 -2.49571
3879 -2.49583
3880 -2.49584
3881 -2.49573
3882 -2.4955
3883 -2.49515
3884 -2.49468
3885 -2.49409
3886 -2.49338
3887 -2.49255
3888 -2.49159
3889 -2.49052
3890 -2.48932
3891 -2.488
3892 -2.48656
3893 -2.485
3894 -2.48332
3895 -2.48151
3896 -2.47958
3897 -2.47753
3898 -2.47536
3899 -2.47306
3900 -2.47064
3901 -2.4681
3902 -2.46544
3903 -2.46265
3904 -2.45974
3905 -2.4567
3906 -2.45354
3907 -2.45026
3908 -2.44686
3909 -2.44333
3910 -2.43968
3911 -2.43591
3912 -2.43201
3913 -2.42799
3914 -2.42384
3915 -2.41958
3916 -2.41518
3917 -2.41067
3918 -2.40603
3919 -2.40127
3920 -2.39639
3921 -2.39138
3922 -2.38625
3923 -2.381
3924 -2.37563
3925 -2.37013
3926 -2.36451
3927 -2.35877
3928 -2.3529
3929 -2.34692
3930 -2.34081
3931 -2.33458
3932 -2.32823
3933 -2.32176
3934 -2.31516
3935 -2.30845
3936 -2.30161
3937 -2.29465
3938 -2.28758
3939 -2.28038
3940 -2.27306
3941 -2.26563
3942 -2.25807
3943 -2.2504
3944 -2.2426
3945 -2.23469
3946 -2.22666
3947 -2.21851
3948 -2.21025
3949 -2.20186
3950 -2.19336
3951 -2.18475
3952 -2.17601
3953 -2.16716
3954 -2.1582
3955 -2.14912
3956 -2.13992
3957 -2.13061
3958 -2.12119
3959 -2.11165
3960 -2.102
3961 -2.09223
3962 -2.08236
3963 -2.07237
3964 -2.06227
3965 -2.05206
3966 -2.04173
3967 -2.0313
3968 -2.02076
3969 -2.0101
3970 -1.99934
3971 -1.98847
3972 -1.9775
3973 -1.96641
3974 -1.95522
3975 -1.94392
3976 -1.93252
3977 -1.92101
3978 -1.90939
3979 -1.89767
3980 -1.88585
3981 -1.87393
3982 -1.8619
3983 -1.84977
3984 -1.83754
3985 -1.8252
3986 -1.81277
3987 -1.80024
3988 -1.78761
3989 -1.77488
3990 -1.76205
3991 -1.74913
3992 -1.73611
3993 -1.72299
3994 -1.70978
3995 -1.69647
3996 -1.68307
3997 -1.66958
3998 -1.656
3999 -1.64232
4000 -1.62855
4001 -1.61469
4002 -1.60074
4003 -1.58671
4004 -1.57258
4005 -1.55837
4006 -1.54407
4007 -1.52968
4008 -1.51521
4009 -1.50066
4010 -1.48602
4011 -1.47129
4012 -1.45649
4013 -1.4416
4014 -1.42664
4015 -1.41159
4016 -1.39646
4017 -1.38126
4018 -1.36598
4019 -1.35062
4020 -1.33519
4021 -1.31968
4022 -1.30409
4023 -1.28844
4024 -1.27271
4025 -1.25691
4026 -1.24104
4027 -1.22509
4028 -1.20908
4029 -1.193
4030 -1.17686
4031 -1.16065
4032 -1.14437
4033 -1.12802
4034 -1.11162
4035 -1.09515
4036 -1.07861
4037 -1.06202
4038 -1.04537
4039 -1.02865
4040 -1.01188
4041 -0.995051
4042 -0.978166
4043 -0.961224
4044 -0.944228
4045 -0.927177
4046 -0.910074
4047 -0.892919
4048 -0.875713
4049 -0.858457
4050 -0.841152
4051 -0.823798
4052 -0.806398
4053 -0.788951
4054 -0.771459
4055 -0.753923
4056 -0.736343
4057 -0.718721
4058 -0.701058
4059 -0.683354
4060 -0.665611
4061 -0.647829
4062 -0.63001
4063 -0.612155
4064 -0.594264
4065 -0.576339
4066 -0.55838
4067 -0.540389
4068 -0.522367
4069 -0.504314
4070 -0.486231
4071 -0.468121
4072 -0.449983
4073 -0.431818
4074 -0.413629
4075 -0.395415
4076 -0.377177
4077 -0.358918
4078 -0.340637
4079 -0.322336
4080 -0.304016
4081 -0.285677
4082 -0.267322
4083 -0.24895
4084 -0.230564
4085 -0.212163
4086 -0.193749
4087 -0.175324
4088 -0.156887
4089 -0.138441
4090 -0.119986
4091 -0.101523
4092 -0.0830531
4093 -0.0645777
4094 -0.0460977
4095 -0.027614
